key	de
# COMMON
common.back	ZURUECK
common.continue	WEITER
common.cancel	ABBRECHEN
common.ok	OK
common.on	AN
common.off	AUS
common.na	N/V
common.none	KEINE
common.versus	V
common.page	SEITE
common.previous_page	VORHERIGE SEITE
common.next_page	NAECHSTE SEITE
common.no_career_data	KEINE KARRIEREDATEN
common.no_squad_data	KEINE KADERDATEN
common.player_not_available	SPIELER NICHT VERFUEGBAR
common.player	SPIELER
common.budget	BUDGET
common.sort	SORTIEREN
common.sort_by	SORTIEREN NACH
common.value	WERT
common.skill	STAERKE
common.age	ALTER
common.money_thousands_suffix	K
common.money_millions_suffix	M
# TABLE COLUMN HEADERS
col.pos	POS
col.team	TEAM
col.name	NAME
col.number	NR
col.number_hash	#
col.p	SP
col.w	S
col.d	U
col.l	N
col.gf	TF
col.ga	TG
col.pts	PKT
col.skl	SKL
col.skill	STK
col.pot	POT
col.sta	AUS
col.form	F
col.fit	FIT
col.val	WRT
col.nat	NAT
col.club	VER
col.price	PRS
col.spec	SPZ
col.quality	Q
col.wage	LOHN
col.fee	GEB
col.amount	BTR
col.exp	ABL
col.skill_row	PA TK SC KB KO TE AB
# HOME
home.title	O P E N   S W O S
home.play_match	SPIELEN
home.competitions	WETTBEWERBE
home.multiplayer	MEHRSPIELER
home.team_setup	TEAM ANSICHT
home.options	OPTIONEN
home.career	KARRIERE
home.exit	BEENDEN
home.credit	VON GRZEGORZ KORYCKI
home.continue_prefix	WEITER:
# QUIT
quit.title	BEENDEN
quit.are_you_sure	SICHER?
quit.quit_to_windows	ZU WINDOWS BEENDEN
quit.return_to_game	ZURUECK ZUM SPIEL
# FRIENDLY
friendly.title	FREUNDSCHAFTSSPIEL
friendly.home	HEIM
friendly.away	GAST
friendly.swap_teams	TEAMS TAUSCHEN
friendly.pitch	PLATZ
friendly.opponent	GEGNER
friendly.half_length	HALBZEITLAENGE
friendly.game_speed	SPIELTEMPO
friendly.kick_off	ANSTOSS
friendly.context	FREUNDSCHAFT
# VERSUS
versus.play	SPIELEN
versus.view_result	ERGEBNIS ANSEHEN
# STADIUM
stadium.title	TEAMS
stadium.kick_off	ANSTOSS
stadium.edit_lineup	AUFSTELLUNG BEARBEITEN
# OPTIONS
opt.title	OPTIONEN
opt.page	SEITE
opt.language	SPRACHE
opt.half_length	HALBZEITLAENGE
opt.game_speed	SPIELTEMPO
opt.opponent	GEGNER
opt.pitch	PLATZ
opt.skill_scaling	STAERKE-SKALIERUNG
opt.skill_scaling_hint	ORIGINALGETREUE SWOS SPIELERPREIS-SKALIERUNG
opt.all_teams_equal	ALLE TEAMS GLEICH
opt.all_teams_equal_hint	GLEICHT DIE STAERKE DER SPIELERTEAMS AN
opt.pre_match_menus	VORSPIEL-MENUES
opt.player_fatigue	SPIELER-ERMUEDUNG
opt.energy_bar	ENERGIELEISTE
opt.music	MUSIK
opt.music_hint	AMIGA / PC / EIGENE MENUEMUSIK
opt.sound	TON
opt.sound_hint	PC- ODER AMIGA-SPIELGERAEUSCHE
opt.display	ANZEIGE
opt.display_hint	F11 WECHSELT  ALT+ENTER VOLLBILD
# OPTION VALUES
val.pitch_none	(KEINE)
val.pitch_random	ZUFALL
val.opponent_ai	KI
val.opponent_player2	SPIELER 2  (WASD)
val.opponent_demo	DEMO  (KI V KI)
val.sound_amiga	AMIGA
val.sound_pc	PC
val.music_custom	EIGENE
val.music_off	AUS
val.length_whole_match_seconds	%dS ECHT  (GANZES SPIEL)
val.length_whole_match_minutes	%d MIN ECHT  (GANZES SPIEL)
val.display_windowed	FENSTER
val.display_full_fill	VOLLBILD FUELLEN
val.display_full_integer	VOLLBILD GANZZAHL
# LOCAL MULTIPLAYER
mp.title	LOKALER MEHRSPIELER
mp.controls_hint	SPIELER 1: PFEILE+LEER   SPIELER 2: WASD+SHIFT
mp.start	2-SPIELER-SPIEL STARTEN
# PICKERS
pick.continent	KONTINENT
pick.country	LAND
pick.your_team	DEIN TEAM
pick.all_countries	ALLE LAENDER
pick.all	ALLE
pick.select_country	LAND WAEHLEN
pick.select_continent	KONTINENT WAEHLEN
pick.select_your_team	DEIN TEAM WAEHLEN
pick.home_team	HEIMTEAM
pick.away_team	GASTTEAM
pick.nothing_to_choose	NICHTS ZUR AUSWAHL
pick.item	EINTRAG
pick.more_down	MEHR v
# DRAW CEREMONY
draw.title_suffix	AUSLOSUNG
# PLAY AGAIN
playagain.title	SPIELENDE
playagain.play_again	NOCHMAL SPIELEN
playagain.exit	BEENDEN
# COMPETITIONS HUB
comp.title	WETTBEWERBE
comp.new_league	NEUE LIGA
comp.new_cup	NEUER POKAL
comp.new_tournament	NEUES TURNIER
comp.preset_competition	VORGABE-WETTBEWERB
comp.new_career	NEUE KARRIERE
comp.load_game	SPIEL LADEN
# LEAGUE / CUP / TOURNAMENT SETUP
setup.league_title	NEUE LIGA
setup.cup_title	NEUER POKAL
setup.tournament_title	NEUES TURNIER
setup.size	GROESSE
setup.teams_suffix	TEAMS
setup.entrants	TEILNEHMER
setup.entrants_same_division	GLEICHE LIGA
setup.entrants_same_nation	GLEICHES LAND
setup.entrants_random	ZUFALL
setup.rounds	RUNDEN
setup.rounds_single	EINFACH
setup.rounds_double	DOPPELT
setup.groups	GRUPPEN
setup.groups_of_4_suffix	4ER-GRUPPEN
setup.create_league	LIGA ERSTELLEN
setup.create_cup	POKAL ERSTELLEN
setup.create_tournament	TURNIER ERSTELLEN
# CAREER SETUP
career.title	NEUE KARRIERE
career.blurb_seasons	LIGA UND POKAL IN JEDER SAISON
career.blurb_promotion	LIGA GEWINNEN STEIGT AUF, LETZTER STEIGT AB
career.start	KARRIERE STARTEN
# MANAGER NAME ENTRY
mgr.title	MANAGERNAME
mgr.hint	NAME TIPPEN   LINKS/RECHTS TITEL   ENTER OK   ESC ABBRECHEN
mgr.title_row	TITEL
mgr.title_mr	HR
mgr.title_ms	FR
mgr.default_name	SPIELER
# COMPETITION DASHBOARD
dash.play_next_match	NAECHSTES SPIEL
dash.continue	WEITER
dash.next_season	NAECHSTE SAISON
dash.table	TABELLE
dash.fixtures	SPIELPLAN
dash.squad	KADER
dash.lineup	AUFSTELLUNG
dash.transfers	TRANSFERS
dash.staff	STAB
dash.scouting	SCOUTING
dash.record	BILANZ
dash.save_as	SPEICHERN ALS
dash.retire	RUECKTRITT
dash.abandon	AUFGEBEN
dash.management_record	MANAGER-BILANZ
dash.status_retired	ZURUECKGETRETEN
dash.status_champions	MEISTER:
dash.status_eliminated	AUSGESCHIEDEN
dash.offers_prefix	ANGEBOTE
dash.offers_unseen_mark	!
# NEXT MATCH / VIEW RESULT
next.title	NAECHSTES SPIEL
result.title	SPIELENDE
result.label	ERGEBNIS
# MANAGEMENT RECORD
mrec.title	MANAGER-BILANZ
mrec.title_of_prefix	MANAGER-BILANZ VON
mrec.career_over	KARRIERE VORBEI
mrec.season	SAISON
mrec.div	LIGA
mrec.trophies	TROPHAEEN
mrec.none_yet	NOCH KEINE
mrec.history	VERLAUF
mrec.first_season	ERSTE SAISON LAEUFT
# RETIRE CONFIRM
retire.title	RUECKTRITT
retire.prompt	VOM MANAGEMENT ZURUECKTRETEN?
retire.confirm	RUECKTRITT
# PRESET COMPETITIONS
preset.title	VORGABE-WETTBEWERB
preset.blurb	ECHTE WETTBEWERBE MIT ECHTEN TEILNEHMERN
preset.european_cup	EUROPAPOKAL
preset.uefa_cup	UEFA-POKAL
preset.cup_winners_cup	POKALSIEGER-CUP
preset.world_cup	WELTMEISTERSCHAFT
preset.european_championship	EUROPAMEISTERSCHAFT
preset.copa_america	COPA AMERICA
preset.team_knockout_suffix	TEAM K.O.
preset.groups_then_knockout_suffix	4ER-GRUPPEN DANN K.O.
preset.create	ERSTELLEN
# SAVE AS / LOAD GAME
save.title	SPEICHERN ALS
save.hint	SLOT-NAME TIPPEN   ENTER OK   ESC ABBRECHEN
save.saved_as_prefix	GESPEICHERT ALS
load.title	SPIEL LADEN
load.delete_mode	LOESCHMODUS
load.no_saved_games	KEINE SPEICHERSTAENDE
# STANDINGS / FIXTURES
table.title	TABELLE
table.group	GRUPPE
fixtures.title	SPIELPLAN
# TEAM SETUP
teamcfg.title	TEAM ANSICHT
teamcfg.team	TEAM
teamcfg.team_home_prefix	HEIM
teamcfg.team_away_prefix	GAST
teamcfg.switch_home_away	HEIM / GAST WECHSELN
teamcfg.coach	TRAINER
# COMPETITION ENGINE
stage.league	LIGA
stage.group_prefix	GRUPPE
stage.final	FINALE
stage.semi_final	HALBFINALE
stage.quarter_final	VIERTELFINALE
stage.round_of_16	ACHTELFINALE
stage.round_of_32	SECHZEHNTELFINALE
stage.round_of_prefix	RUNDE DER
stage.cup_prefix	POKAL
round.league_round	LIGA - RUNDE
round.competition_complete	WETTBEWERB BEENDET
round.no_fixtures	KEINE SPIELE
status.no_player_team	KEIN SPIELERTEAM
status.you_are_champion	DU BIST MEISTER
status.you_are_prefix	DU BIST
status.you_are_unplaced	DU BIST UNPLATZIERT
status.you_were_eliminated	DU BIST AUSGESCHIEDEN
status.you_are_through	DU BIST EINE RUNDE WEITER
status.you_are_in_prefix	DU BIST IN
status.you_are_in_the_prefix	DU BIST IM
ord.st	.
ord.nd	.
ord.rd	.
ord.th	.
season.cup_winner	SIEGER
season.cup_runner_up	FINALIST
season.cup_out_in_prefix	RAUS IN
season.cup_out	RAUS
season.trophy_league	SAISON %d LIGAMEISTER
season.trophy_cup	SAISON %d POKALSIEGER
season.history_line	S%d: LIGA %s, POKAL %s
season.history_retired	S%d: RUECKTRITT
fixture.penalties_mark	E
# CAREER SQUAD
squad.title_suffix	KADER
squad.default_club	VEREIN
squad.player_action	SPIELERAKTION
squad.no_player_selected	KEIN SPIELER GEWAEHLT
squad.fit_injured	VERL
# PLAYER ACTION
paction.value_prefix	WERT
paction.time_to_negotiate	VERHANDLUNGSZEIT
paction.take_off_list	VON LISTE NEHMEN
paction.put_on_list	AUF TRANSFERLISTE
paction.give_free_transfer	ABLOESEFREI ABGEBEN
paction.off_list_prefix	VON LISTE
paction.listed_prefix	GELISTET
paction.list_full_prefix	LISTE VOLL (MAX
# FREE TRANSFER
free.title	ABLOESEFREI
free.confirm_prompt	%s ABLOESEFREI ABGEBEN?
free.release	ABGEBEN
free.released_prefix	ABGEGEBEN
free.squad_too_small	KADER ZU KLEIN
free.release_failed	ABGABE FEHLGESCHLAGEN
# LINEUP EDITOR
lineup.title	TEAM-AUFSTELLUNG
lineup.auto	AUTO
lineup.hint	HOCH/RUNTER REIHE   FEUER WAEHLEN/TAUSCH   ESC ZURUECK
lineup.picked_prefix	GEWAEHLT
lineup.picked_swap_hint	- REIHE FEUERN ZUM TAUSCH
lineup.unmarked_prefix	ABGEWAEHLT
lineup.slot_not_available	PLATZ NICHT VERFUEGBAR
lineup.goal_needs_keeper	TORPLATZ BRAUCHT TORWART
lineup.swapped_prefix	GETAUSCHT
lineup.swapped_and	UND
lineup.auto_restored	AUTO-AUFSTELLUNG ZURUECK
lineup.auto_label	AUTO-AUFSTELLUNG
lineup.custom_label	EIGENE AUFSTELLUNG
lineup.slot	PLATZ
lineup.slot_gk	TW
lineup.slot_sub	ERS
# STAFF
staff.title	STAB
staff.coach	TRAINER
staff.fire_selected	GEWAEHLTEN ENTLASSEN
staff.hire_coach	TRAINER HOLEN
staff.training_focus	TRAININGSFOKUS
staff.no_coach_selected	KEIN TRAINER GEWAEHLT
staff.no_coaches	KEINE TRAINER
# FIRE COACH
firecoach.title	TRAINER ENTLASSEN
firecoach.coach_not_available	TRAINER NICHT VERFUEGBAR
firecoach.severance_prefix	ABFINDUNG
firecoach.fire	ENTLASSEN
firecoach.fired_prefix	ENTLASSEN
# HIRE COACH
hire.title	TRAINER HOLEN
hire.candidate	KANDIDAT
hire.hire	HOLEN
hire.hired_prefix	GEHOLT
# TRAINING FOCUS
focus.title	TRAININGSFOKUS
focus.toggle	FOKUS UMSCHALTEN
focus.removed_prefix	ENTFERNT
focus.focused_prefix	FOKUSSIERT
focus.max_prefix	MAX
focus.max_suffix	FOKUS-SPIELER
focus.mark	*
# SCOUTING
scout.title	SCOUTING
scout.scout_player	SPIELER SCOUTEN
scout.improve_prefix	SCOUTING VERBESSERN
scout.maxed	SCOUTING MAXIMAL
scout.unavailable	SCOUTING NICHT MOEGLICH
scout.quality_prefix	SCOUT-QUALITAET
scout.no_watched	KEINE BEOBACHTETEN SPIELER
scout.scout_selected	GEWAEHLTEN SCOUTEN
scout.scout_prefix	SCOUTEN
scout.scouted_prefix	GESCOUTET
scout.cost_prefix	KOSTEN
scout.no_players_available	KEINE SPIELER VERFUEGBAR
# TRANSFER MARKET
market.title	TRANSFERMARKT
market.max_price	MAX PREIS
market.buy_selected	GEWAEHLTEN KAUFEN
market.no_player_selected	KEIN SPIELER GEWAEHLT
market.free_agent	VEREINSLOS
market.club_fallback_prefix	VEREIN
market.price_any	ALLE
market.price_100k	<100K
market.price_250k	<250K
market.price_500k	<500K
market.price_1m	<1M
market.price_2m	<2M
market.price_5m	<5M
market.price_10m	<10M
market.price_over_10m	>=10M
# BUY / NEGOTIATION
buy.title	SPIELER KAUFEN
buy.asking_prefix	FORDERUNG
buy.your_bid	DEIN GEBOT
buy.make_bid	GEBOT ABGEBEN
buy.club_unwilling	VEREIN WILL KEINE SPIELER KAUFEN
buy.no_time	KEINE VERHANDLUNGSZEIT MEHR
buy.enter_a_bid	GEBOT EINGEBEN
buy.not_enough_money	NICHT GENUG GELD
buy.bought_prefix	GEKAUFT
buy.squad_full	KADER VOLL
buy.transfer_failed	TRANSFER FEHLGESCHLAGEN
buy.counter_prefix	GEGENANGEBOT
buy.rejected	GEBOT ZU NIEDRIG - ABGELEHNT
# INCOMING OFFERS
offers.title	TRANSFERANGEBOTE
offers.no_offers	KEINE ANGEBOTE
offers.offer	ANGEBOT
offers.accept	ANNEHMEN
offers.demand_more	MEHR FORDERN
offers.reject	ABLEHNEN
offers.header_negotiate_prefix	VERHANDLUNGSZEIT
offers.header_sells	VERKAEUFE
offers.not_available	ANGEBOT NICHT VERFUEGBAR
offers.sold_prefix	VERKAUFT
offers.sold_for	FUER
offers.squad_too_small	KADER ZU KLEIN
offers.accept_failed	ANNAHME FEHLGESCHLAGEN
offers.improved_prefix	ERHOEHT AUF
offers.withdrawn	ANGEBOT ZURUECKGEZOGEN
offers.refused	SIE ZAHLEN NICHT MEHR
offers.rejected	ANGEBOT ABGELEHNT
# MATCH HUD / OVERLAYS
hud.half_time	HALBZEIT
hud.full_time	SPIELENDE
hud.penalties	ELFMETER
hud.paused	PAUSE
hud.pause_resume_hint	leer  weiter
hud.pause_quit_hint	ESC    zum menue
hud.goal	TOR!
hud.throw_in	EINWURF
hud.corner	ECKE
hud.goal_kick	ABSTOSS
hud.press_space	leer druecken
hud.team_home_fallback	HEIM
hud.team_away_fallback	GAST
goal.type_penalty	(ELF)
goal.type_own_goal	(ET)
# S34 additions
bench.coach	TRAINER
bench.coming_on	KOMMT: {0}
bench.fire_swap	FEUER WAEHLEN+WAEHLEN = TAUSCH
bench.formation	FORMATION
bench.formation_colon	FORMATION:
bench.help_leave	LINKS/RECHTS BANK VERLASSEN
bench.help_select	HOCH/RUNTER WAEHLEN  FEUER OK
bench.hold_mark	FEUER HALTEN = SPIELER MARKIEREN
bench.player_off	SPIELER RAUS:
bench.sub_in_progress	WECHSEL LAEUFT...
bench.swap_formation	TAUSCH / FORMATION:
bench.tag_inj	 VER
bench.tag_off	 [AUS]
bench.tag_sub	 [ERS]
bench.title	BANK - {0}
bench.user	SPIELER {0}
career.dash_div_season	LIGA {0}  SAISON {1}
career.price_any	ALLE
career.rec_pwdl	SP {0}   S {1}   U {2}   N {3}   TF {4}   TG {5}
career.rec_season_div	SAISON {0}  {1}  LIGA {2}
career.release_confirm	{0} ABLOESEFREI ABGEBEN?
career.skill_letters	PVHTCSF
career.title_mr	HR
career.title_ms	FR
comp.competition_complete	WETTBEWERB BEENDET
comp.cup	POKAL
comp.entrants_random	ZUFALL
comp.entrants_same_div	GLEICHE LIGA
comp.entrants_same_nation	GLEICHES LAND
comp.league_round	LIGA - RUNDE {0}/{1}
comp.name_career	KARRIERE
comp.name_cup	POKAL
comp.name_league	LIGA
comp.name_tournament	TURNIER
comp.no_fixtures	KEINE SPIELE
comp.no_player_team	KEIN SPIELERTEAM
comp.ord_nd	.
comp.ord_rd	.
comp.ord_st	.
comp.ord_th	.
comp.preset_copa_america	COPA AMERICA
comp.preset_cup_winners_cup	POKALSIEGER-CUP
comp.preset_european_championship	EUROPAMEISTERSCHAFT
comp.preset_european_cup	EUROPAPOKAL
comp.preset_uefa_cup	UEFA-POKAL
comp.preset_world_cup	WELTMEISTERSCHAFT
comp.slot_finished	BEENDET
comp.slot_no_team	KEIN TEAM
comp.slot_round	RUNDE {0}/{1}
comp.slot_winner	SIEGER {0}
comp.stage_final	FINALE
comp.stage_group	GRUPPE
comp.stage_league	LIGA
comp.stage_quarter	VIERTELFINALE
comp.stage_r16	ACHTELFINALE
comp.stage_r32	SECHZEHNTELFINALE
comp.stage_round_of	RUNDE DER
comp.stage_semi	HALBFINALE
comp.you_are_pos	DU BIST {0}
comp.you_champion	DU BIST MEISTER
comp.you_eliminated	DU BIST AUSGESCHIEDEN
comp.you_in	DU BIST IN {0}
comp.you_in_the	DU BIST IM {0}
comp.you_through	DU BIST EINE RUNDE WEITER
comp.you_unplaced	DU BIST UNPLATZIERT
firstrun.body	Keine SWOS-Spieldaten gefunden.\n\nOpenSWOS braucht Sensible World of Soccer 96/97 (Amiga-Edition).\nZwei Moeglichkeiten - dann das Spiel neu starten:\n\n  (a) Amiga-Diskettenabbilder (*.adf) hier ablegen:\n        {0}\n      OpenSWOS entpackt beim naechsten Start das Noetige.\n\n  (b) Schon lose Spieldateien (z.B. eine WHDLoad-Installation)?\n      Diese hierhin kopieren:\n        {1}\n\nOptional: den PC-(DOS-)DATA-Ordner in 'original_swos_pc/' legen fuer eine\netwas groessere Teamliste - nicht noetig, aendert die Grafik nicht.\n\nAeltere SWOS-Ausgaben (94/95 usw.) sind NICHT kompatibel.
menu.team_coach_div	TRAINER {0}   LIGA {1}
menu.team_div	LIGA {0}
menu.versus	  V
nation.continent_africa	AFRIKA
nation.continent_asia	ASIEN
nation.continent_europe	EUROPA
nation.continent_north_america	NORDAMERIKA
nation.continent_oceania	OZEANIEN
nation.continent_south_america	SUEDAMERIKA
nav.hint_menu	HOCH/RUNTER WAEHLEN   FEUER OK   ESC ZURUECK
nav.hint_picker	HOCH/RUNTER BLAETTERN   FEUER WAEHLEN   ESC ABBRECHEN
nav.hint_picker_cols	HOCH/RUNTER BLAETTERN   LINKS/RECHTS SPALTE   FEUER WAEHLEN   ESC ABBRECHEN
nav.hint_stepper	HOCH/RUNTER WAEHLEN   LINKS/RECHTS AENDERN   FEUER OK   ESC ZURUECK
nav.hint_table	HOCH/RUNTER REIHE   FEUER OK   ESC ZURUECK
opt.commentator	KOMMENTATOR
opt.commentator_hint	GESPROCHENER KOMMENTAR (NUR PC-SOUND)
opt.display_fullfill	VOLLBILD FUELLEN
opt.display_fullinteger	VOLLBILD GANZZAHL
opt.display_unknown	?
opt.display_windowed	FENSTER
opt.len_min_whole	{0} MIN ECHT  (GANZES SPIEL)
opt.len_sec_whole	{0}S ECHT  (GANZES SPIEL)
opt.smoothing_sharp	SCHARF
overlay.corner	ECKE
overlay.fulltime	SPIELENDE
overlay.fulltime_body	SPIELENDE\n\n{0}  {1} - {2}  {3}\n\nleer druecken
overlay.goal	TOR!
overlay.goalkick	ABSTOSS
overlay.halftime	HALBZEIT
overlay.paused	PAUSE\n\nleer  weiter\nESC    zum menue
overlay.penalties	ELFMETER
overlay.throwin	EINWURF
pos.a	A
pos.d	V
pos.gk	TW
pos.lb	LV
pos.lw	LA
pos.m	M
pos.none	--
pos.rb	RV
pos.rw	RA
pos.unknown	?
result.away	GAST
result.home	HEIM
result.og	(ET)
result.pen	(ELF)
scout.notice_maxed	SCOUTING MAXIMAL
scout.notice_no_money	NICHT GENUG GELD
scout.notice_player_unavailable	SPIELER NICHT VERFUEGBAR
scout.notice_unavailable	SCOUTING NICHT MOEGLICH
staff.notice_coach_unavailable	TRAINER NICHT VERFUEGBAR
staff.notice_focus_full	FOKUS VOLL
staff.notice_full	STAB VOLL
staff.notice_no_money	NICHT GENUG GELD
staff.notice_player_unavailable	SPIELER NICHT VERFUEGBAR
staff.notice_unavailable	STAB NICHT VERFUEGBAR
staff.spec_attack	ANGRIFF
staff.spec_defence	ABWEHR
staff.spec_general	ALLGEMEIN
staff.spec_youth	JUGEND
# FINANCES (career depth plan feature 1)
dash.finances	FINANZEN
fin.title	FINANZEN
fin.show_history	SAISON FUER SAISON
fin.show_sheet	DIESE SAISON
fin.no_season	KEINE ABGESCHLOSSENE SAISON
fin.drawn_up	DIE BILANZ FOLGT AM SAISONENDE
fin.col_season	SAISON
fin.col_league	LIGA
fin.col_cup	POKAL
fin.col_income	EINNAHMEN
fin.col_wages	GEHAELTER
fin.col_balance	SALDO
fin.season	SAISON
fin.league	LIGA
fin.cup	POKAL
fin.home_games	HEIMSPIELE
fin.crowd	ZUSCHAUER
fin.row.opening	KONTOSTAND ZU SAISONBEGINN:
fin.row.gate	EINTRITTSGELDER:
fin.row.bonuses	PRAEMIEN + TV-RECHTE:
fin.row.sponsor	SPONSORING VON SENSISOFT PLC:
fin.row.invest	ZUSATZINVESTITION DES PRAESIDENTEN:
fin.row.invest_new	ZUSATZINVESTITION DES NEUEN PRAESIDENTEN:
fin.row.wages	SPIELERGEHAELTER:
fin.row.profit	GESAMTGEWINN:
fin.row.loss	GESAMTVERLUST:
fin.row.closing	NEUER KONTOSTAND:
fin.row.sales	SPIELERVERKAEUFE:
fin.row.purchases	SPIELERKAEUFE:
# THE CHAIRMAN (career depth plan feature 2)
dash.chairman	PRAESIDENT
dash.status_sacked	ENTLASSEN
chair.title	PRAESIDENT
chair.memo	MEMO
chair.none	KEINE MEMOS
chair.memo_header	MEMO VOM VEREINSPRAESIDENTEN
chair.memo_sign	IHR PRAESIDENT
chair.earlier	FRUEHERE MEMOS
opt.board	VORSTAND
opt.board_hint	WIE SCHNELL DER PRAESIDENT SIE ENTLAESST
opt.board_patient	GEDULDIG
opt.board_normal	NORMAL
opt.board_ruthless	GNADENLOS
chair.verdict0.1	GUT GEMACHT %a, SIE HABEN AUSGEZEICHNETE ARBEIT
chair.verdict0.2	GELEISTET UND WIR WISSEN DAS ZU SCHAETZEN
chair.verdict1.1	EINE GUTE SAISON %a, WIR SIND ALLE SEHR
chair.verdict1.2	ZUFRIEDEN, MACHEN SIE WEITER SO
chair.verdict2.1	EINE WECHSELHAFTE SAISON %a, WIR HOFFEN
chair.verdict2.2	AUF EINE BALDIGE VERBESSERUNG
chair.verdict3.1	KEINE GUTE SAISON %a, WIR HOFFEN SIE KOENNEN
chair.verdict3.2	SICH NAECHSTE SAISON STEIGERN
chair.verdict4.1	EINE SEHR ENTTAEUSCHENDE SAISON %a, WIR FORDERN
chair.verdict4.2	NAECHSTE SAISON DEUTLICH MEHR VON IHNEN
chair.sacked_league.1	MIT GROSSEM BEDAUERN HABEN DER VORSTAND UND ICH
chair.sacked_league.2	BESCHLOSSEN SIE VON IHREN AUFGABEN ZU ENTBINDEN
chair.not_renewed.1	MIT GROSSEM BEDAUERN HABEN WIR BESCHLOSSEN
chair.not_renewed.2	IHREN VERTRAG NICHT ZU VERLAENGERN - VIEL GLUECK
chair.not_renewed.3	UND WIR FREUEN UNS AUF EIN WIEDERSEHEN
chair.league_note.1	BEACHTEN SIE UNSEREN TABELLENPLATZ UND
chair.league_note.2	SORGEN SIE BALDMOEGLICHST FUER EINE VERBESSERUNG
chair.league_warn.1	DENKEN SIE DARAN, OHNE BALDIGE VERBESSERUNG
chair.league_warn.2	MUESSEN WIR IHRE POSITION UEBERDENKEN
chair.league_crisis.1	NACH EINER VERTRAUENSFRAGE HABEN SIE HOECHSTENS
chair.league_crisis.2	3 SPIELE ZUR WENDE ODER SIE WERDEN ENTLASSEN
chair.money_note.1	BEACHTEN SIE UNSEREN KONTOSTAND UND
chair.money_note.2	GLEICHEN SIE DEN DISPO BALDMOEGLICHST AUS
chair.money_warn.1	NUR EINE ERINNERUNG AN DEN DISPOKREDIT
chair.money_warn.2	SONST MUESSEN WIR IHRE POSITION UEBERDENKEN
chair.money_crisis.1	NACH EINER KRISENSITZUNG BESTEHEN WIR DARAUF
chair.money_crisis.2	DEN DISPO SOFORT AUSZUGLEICHEN ODER SIE GEHEN
chair.new_season.1	NUR EIN GRUSS MIT DEN BESTEN WUENSCHEN FUER DIE
chair.new_season.2	NEUE SAISON
chair.embargo_buy.1	TUT MIR LEID %a, DER VEREIN IST NICHT BEREIT
chair.embargo_buy.2	IN DIESER SAISON WEITERE SPIELER ZU KAUFEN
chair.embargo_sell.1	BITTE BEACHTEN SIE %a, WIR ERLAUBEN
chair.embargo_sell.2	IN DIESER SAISON KEINE WEITEREN SPIELERVERKAEUFE
chair.sacked_money.1	MIT GROSSEM BEDAUERN HABEN DER VORSTAND UND ICH
chair.sacked_money.2	BESCHLOSSEN SIE VON IHREN AUFGABEN ZU ENTBINDEN
# JOB OFFERS (career depth plan feature #3)
job.title	JOBANGEBOTE
job.none	KEINE JOBANGEBOTE
job.offer	ANGEBOT
job.accept	ANNEHMEN
job.decline	ABLEHNEN
job.declined	ANGEBOT ABGELEHNT
job.not_available	ANGEBOT NICHT VERFUEGBAR
job.signed_prefix	EINIG MIT
job.new_job	NEUER JOB
job.reputation	RUF
job.rep_world	WELTKLASSE
job.rep_high	HOCH GEHANDELT
job.rep_good	ANGESEHEN
job.rep_known	BEKANNT
job.rep_unproven	UNERPROBT
job.rep_unwanted	UNERWUENSCHT
job.division	LIGA
job.squad	KADER
job.letter_header	JOBANGEBOT VON %a
job.letter.1	SEHR GEEHRTE DAMEN UND HERREN
job.letter.2	WIR VON %a MOECHTEN IHNEN DEN
job.letter.3	TRAINERPOSTEN IN UNSEREM KLUB ANBIETEN
job.letter.4	WIR BIETEN IHNEN EIN SEHR GUTES GEHALT UND
job.letter.5	WIR HOFFEN MITTEL BEREITSTELLEN ZU KOENNEN
job.letter.6	IN HOEHE VON RUND %b FUER DEN KADER
job.letter.7	WIR FREUEN UNS AUF IHRE ANTWORT
job.accepted_note	SIE HABEN ZUGESAGT - DER WECHSEL FOLGT NAECHSTE SAISON
job.waiting_prefix	SIE WARTEN NOCH
job.waiting_suffix	SPIELE
job.accepted.1	WIR VON %a FREUEN UNS SEHR DASS SIE
job.accepted.2	DEN TRAINERPOSTEN BEI UNS ANGENOMMEN HABEN
job.accepted.3	AB BEGINN DER NAECHSTEN SAISON
job.farewell.1	DANKE FUER ALLES %a, WIR WUENSCHEN
job.farewell.2	IHNEN VIEL ERFOLG IM NEUEN JOB
job.welcome.1	WILLKOMMEN %a, WIR FREUEN UNS AUF VIEL
job.welcome.2	ERFOLG IN UNSERER NEUEN ZUSAMMENARBEIT
job.withdrawn.1	JOBANGEBOT VON %a ZURUECKGEZOGEN
# board expectation line (feature #2 follow-up)
chair.expected	VORSTAND ERWARTETE
chair.of	VON
chair.finished	ERREICHT
chair.expects	VORSTAND ERWARTET
# NATIONAL TEAM JOB (career depth plan feature #4)
natjob.entry	NATIONALMANNSCHAFT
natjob.entry_offer	INTERNATIONALES JOBANGEBOT
natjob.title	NATIONALMANNSCHAFT
natjob.title_offer	INTERNATIONALES JOBANGEBOT
natjob.player	SPIELER
natjob.add	SPIELER HINZU
natjob.remove	SPIELER RAUS
natjob.auto	AUTO-AUFGEBOT
natjob.resign	ZURUECKTRETEN
natjob.full	KADER VOLL
natjob.appointed	TRAINER VON
natjob.none	KEIN NATIONALTRAINERPOSTEN
natjob.no_players	KEINE SPIELER VERFUEGBAR
natjob.squad_word	KADER
natjob.rating	STAERKE
natjob.home	HEIM
natjob.abroad	AUSLAND
natjob.col_name	NAME
natjob.col_pos	POS
natjob.col_ovr	GES
natjob.col_where	WO
natjob.col_club	KLUB
natjob.letter_header	INTERNATIONALES JOBANGEBOT VON %a
natjob.offer.1	DIE MITGLIEDER DES FUSSBALLAUSSCHUSSES
natjob.offer.2	VON %a MOECHTEN IHNEN DEN POSTEN
natjob.offer.3	DES NATIONALTRAINERS ANBIETEN
natjob.offer.4	WIR VERSPRECHEN EIN AUSGEZEICHNETES GEHALT UND
natjob.offer.5	EINEN JAEHRLICH VERLAENGERBAREN VERTRAG
natjob.offer.6	WIR FREUEN UNS AUF IHRE ANTWORT
natjob.accepted.1	DIE MITGLIEDER DES FUSSBALLAUSSCHUSSES
natjob.accepted.2	VON %a FREUEN SICH SEHR DASS SIE
natjob.accepted.3	DEN POSTEN DES NATIONALTRAINERS ANNAHMEN
natjob.ended.1	DIE MITGLIEDER DES FUSSBALLAUSSCHUSSES
natjob.ended.2	VON %a VERLAENGERN IHREN JAEHRLICH
natjob.ended.3	VERLAENGERBAREN VERTRAG NICHT
# TOP SCORERS (career depth plan feature #5) + PLEASE WAIT
busy.title	BITTE WARTEN
busy.new_career	WELT WIRD ERSTELLT
busy.next_season	DER SOMMER LAUFT
dash.scorers	TORJAGER
scorer.title	TORJAGERLISTE
scorer.view	LISTE
scorer.page	SEITE
scorer.view_comp	WETTBEWERB
scorer.view_club	MEIN VEREIN
scorer.view_history	SAISON FUR SAISON
scorer.leading	BESTE TORJAGER DES WETTBEWERBS
scorer.goals	TORE
scorer.own_goals	EIGENTORE
scorer.ex_player	TORE EHEM. SPIELER
scorer.career_total	KARRIERE GESAMT
scorer.season	SAISON
scorer.season_top	TORJAGER DER SAISON
scorer.season_top_plural	TORJAGER DER SAISON
scorer.no_goals	NOCH KEINE TORE IN DIESER SAISON
scorer.no_seasons	NOCH KEINE SAISON BEENDET
# CAREER DASHBOARD SECTIONS (3-column layout)
dash.sec_match	SPIEL
dash.sec_team	MANNSCHAFT
dash.sec_club	VEREIN
dash.sec_game	SPIELSTAND
nav.hint_cols	OBEN/UNTEN WAHL   LINKS/RECHTS SPALTE   FEUER OK   ESC ZURUCK
# TRAINING / CLUB DIARY / YOUTH INTAKE / CLUB RECORDS (2026-08-26)
dash.training	TRAINING
dash.chronicle	VEREINSCHRONIK
dash.legends	VEREINSREKORDE
busy.training	TRAINING
train.title	TRAINING
train.drill	UEBUNG
train.intensity	INTENSITAET
train.toggle	HINZU / RAUS
train.auto	AUTO-AUSWAHL
train.auto_done	GRUPPE NACH POTENZIAL GEWAEHLT
train.run	EINHEIT STARTEN
train.report	LETZTER BERICHT
train.report_title	TRAININGSBERICHT
train.ready	EINHEIT BEREIT
train.closed	KEIN TRAINING ZWISCHEN SAISONS
train.done_week	DIESE WOCHE TRAINIERT - NAECHSTE EINHEIT NACH DEM SPIEL
train.coach	TRAINER
train.trains	TRAINIERT
train.trains_fitness	KONDITION
train.trains_keeper	TORWARTSPIEL
train.col_in	IN
train.col_con	KON
train.col_shp	FRM
train.col_room	LUFT
train.col_grade	EINHEIT
train.col_gain	FORTSCHRITT
train.group_full	GRUPPE VOLL - MAX
train.no_report	NOCH KEINE EINHEIT ABSOLVIERT
train.injured	IM TRAINING VERLETZT
train.potential_up	GRENZE ANGEHOBEN
train.int_0	LEICHT
train.int_1	NORMAL
train.int_2	INTENSIV
train.grade_0	SCHWACH
train.grade_1	OK
train.grade_2	GUT
train.grade_3	HERVORRAGEND
train.drill_shooting	SCHUSSTRAINING
train.drill_finishing	ABSCHLUSSTRAINING
train.drill_passing	PASSEN UND FLANKEN
train.drill_control	DRIBBELPARCOURS
train.drill_pace	SPRINTS UND LAEUFE
train.drill_heading	KOPFBALLTRAINING
train.drill_defending	ABWEHR UND ZWEIKAMPF
train.drill_keeper	TORWARTTRAINING
train.drill_recovery	REGENERATION UND FITNESS
skill.passing	PASS
skill.shooting	SCHUSS
skill.heading	KOPFBALL
skill.tackling	ZWEIKAMPF
skill.control	ANNAHME
skill.speed	TEMPO
skill.finishing	ABSCHLUSS
chron.title	VEREINSCHRONIK
chron.season	SAISON
chron.all	ALLE
chron.empty	NOCH IST NICHTS PASSIERT
chron.apps	%a BESTREITET SPIEL %0 FUER DEN VEREIN
chron.goals	%a ERZIELT TOR %0 FUER DEN VEREIN
chron.training	TRAINING: %a, INTENSITAET %b
chron.training_break	%0 SPIELER UEBERTRAFEN IHR POTENZIAL
chron.breakthrough	%a TRAINIERT UEBER SEINEM NIVEAU
chron.train_injury	%a HAT SICH IM TRAINING VERLETZT
chron.intake	DIE JUGEND BRACHTE %0 SPIELER HERVOR
chron.league_won	%a IST MEISTER
chron.league_pos	PLATZ %a IN DER LIGA
chron.cup_won	%a GEWINNT DEN POKAL
chron.topscorer	TORSCHUETZENKOENIG: %a MIT %0
chron.signed	%a VERPFLICHTET FUER %b
chron.sold	%a VERKAUFT FUER %b
chron.released	%a ABLOESEFREI ABGEGEBEN
chron.sacked	VON %a ENTLASSEN
chron.verdict	DER VORSTAND BEWERTET DIE SAISON: %a
chron.big_win	SIEG GEGEN %a %b
chron.big_loss	NIEDERLAGE %b GEGEN %a
chron.win_run	%0 SIEGE IN FOLGE
chron.unbeaten	%0 SPIELE UNGESCHLAGEN
chron.winless	%0 SPIELE OHNE SIEG
youth.entry	JUGEND
youth.title	JUGENDJAHRGANG
youth.none	DIE JUGEND BRACHTE DIESEN SOMMER NIEMANDEN HERVOR
youth.header	BERICHT DER JUGEND - SCOUTS NENNEN EINE SPANNE, KEINE ZAHL
youth.col_est	SCOUT-URTEIL
youth.promote	ZUR TRAININGSGRUPPE
youth.release	FREIGEBEN
youth.released	FREIGEGEBEN
youth.added	ZUM TRAINING HINZU
youth.already	SCHON IN DER GRUPPE
youth.cannot_release	KADER ZU KLEIN
legend.title	VEREINSREKORDE
legend.header	EWIGE EINSATZLISTE
legend.empty	NOCH KEINE SAISON BEI DIESEM VEREIN
legend.col_apps	SP
legend.col_goals	TOR
legend.col_last	LETZT
legend.still	HIER
