key	es
# COMMON
common.back	ATRAS
common.continue	CONTINUAR
common.cancel	CANCELAR
common.ok	OK
common.on	SI
common.off	NO
common.na	N/D
common.none	NINGUNO
common.versus	V
common.page	PAGINA
common.previous_page	PAGINA ANTERIOR
common.next_page	PAGINA SIGUIENTE
common.no_career_data	SIN DATOS CARRERA
common.no_squad_data	SIN DATOS PLANTILLA
common.player_not_available	JUGADOR NO DISPONIBLE
common.player	JUGADOR
common.budget	PRESUPUESTO
common.sort	ORDENAR
common.sort_by	ORDENAR POR
common.value	VALOR
common.skill	HABILIDAD
common.age	EDAD
common.money_thousands_suffix	K
common.money_millions_suffix	M
# TABLE COLUMN HEADERS
col.pos	POS
col.team	EQUIPO
col.name	NOMBRE
col.number	N
col.number_hash	#
col.p	J
col.w	G
col.d	E
col.l	P
col.gf	GF
col.ga	GC
col.pts	PTS
col.skl	HAB
col.skill	HAB
col.pot	POT
col.sta	RES
col.form	F
col.fit	FIS
col.val	VAL
col.nat	NAC
col.club	CLUB
col.price	PRECIO
col.spec	ESP
col.quality	C
col.wage	SUELDO
col.fee	PRIMA
col.amount	IMPORTE
col.exp	EXP
col.skill_row	PA EN TI CA CO VE DE
# HOME
home.title	O P E N   S W O S
home.play_match	JUGAR PARTIDO
home.competitions	COMPETICIONES
home.multiplayer	MULTIJUGADOR
home.team_setup	CONFIG EQUIPO
home.options	OPCIONES
home.career	CARRERA
home.exit	SALIR
home.credit	POR GRZEGORZ KORYCKI
home.continue_prefix	CONTINUAR:
# QUIT
quit.title	SALIR
quit.are_you_sure	SEGURO?
quit.quit_to_windows	SALIR A WINDOWS
quit.return_to_game	VOLVER AL JUEGO
# FRIENDLY
friendly.title	PARTIDO AMISTOSO
friendly.home	LOCAL
friendly.away	VISITANTE
friendly.swap_teams	CAMBIAR EQUIPOS
friendly.pitch	CAMPO
friendly.opponent	RIVAL
friendly.half_length	DURACION PARTE
friendly.game_speed	VELOCIDAD JUEGO
friendly.kick_off	COMENZAR
friendly.context	AMISTOSO
# VERSUS
versus.play	JUGAR
versus.view_result	VER RESULTADO
# STADIUM
stadium.title	EQUIPOS
stadium.kick_off	COMENZAR
stadium.edit_lineup	EDITAR ALINEACION
# OPTIONS
opt.title	OPCIONES
opt.page	PAGINA
opt.language	IDIOMA
opt.half_length	DURACION PARTE
opt.game_speed	VELOCIDAD JUEGO
opt.opponent	RIVAL
opt.pitch	CAMPO
opt.skill_scaling	ESCALA HABILIDAD
opt.skill_scaling_hint	ESCALA HABILIDAD POR PRECIO FIEL A SWOS
opt.all_teams_equal	TODOS EQUIPOS IGUALES
opt.all_teams_equal_hint	IGUALA FUERZA DE EQUIPOS DE JUGADORES
opt.pre_match_menus	MENUS PRE PARTIDO
opt.player_fatigue	FATIGA JUGADOR
opt.energy_bar	BARRA ENERGIA
opt.music	MUSICA
opt.music_hint	MUSICA MENU AMIGA / PC / PERSONAL
opt.sound	SONIDO
opt.sound_hint	SONIDOS DE PARTIDO PC O AMIGA
opt.display	PANTALLA
opt.display_hint	F11 CAMBIA  ALT+ENTER PANTALLA COMPLETA
# OPTION VALUES
val.pitch_none	(NINGUNO)
val.pitch_random	ALEATORIO
val.opponent_ai	IA
val.opponent_player2	JUGADOR 2  (WASD)
val.opponent_demo	DEMO  (IA V IA)
val.sound_amiga	AMIGA
val.sound_pc	PC
val.music_custom	PERSONAL
val.music_off	NINGUNA
val.length_whole_match_seconds	%dS REAL  (PARTIDO ENTERO)
val.length_whole_match_minutes	%d MIN REAL  (PARTIDO ENTERO)
val.display_windowed	VENTANA
val.display_full_fill	COMPLETA RELLENO
val.display_full_integer	COMPLETA ENTERO
# LOCAL MULTIPLAYER
mp.title	MULTIJUGADOR LOCAL
mp.controls_hint	JUGADOR 1: FLECHAS+ESPACIO   JUGADOR 2: WASD+SHIFT
mp.start	INICIAR PARTIDO 2 JUGADORES
# PICKERS
pick.continent	CONTINENTE
pick.country	PAIS
pick.your_team	TU EQUIPO
pick.all_countries	TODOS LOS PAISES
pick.all	TODOS
pick.select_country	ELEGIR PAIS
pick.select_continent	ELEGIR CONTINENTE
pick.select_your_team	ELEGIR TU EQUIPO
pick.home_team	EQUIPO LOCAL
pick.away_team	EQUIPO VISITANTE
pick.nothing_to_choose	NADA QUE ELEGIR
pick.item	ELEMENTO
pick.more_down	MAS v
# DRAW CEREMONY
draw.title_suffix	SORTEO
# PLAY AGAIN
playagain.title	FINAL
playagain.play_again	JUGAR OTRA VEZ
playagain.exit	SALIR
# COMPETITIONS HUB
comp.title	COMPETICIONES
comp.new_league	NUEVA LIGA
comp.new_cup	NUEVA COPA
comp.new_tournament	NUEVO TORNEO
comp.preset_competition	COMPETICION PREDEF
comp.new_career	NUEVA CARRERA
comp.load_game	CARGAR PARTIDA
# LEAGUE / CUP / TOURNAMENT SETUP
setup.league_title	NUEVA LIGA
setup.cup_title	NUEVA COPA
setup.tournament_title	NUEVO TORNEO
setup.size	TAMANO
setup.teams_suffix	EQUIPOS
setup.entrants	PARTICIPANTES
setup.entrants_same_division	MISMA DIVISION
setup.entrants_same_nation	MISMO PAIS
setup.entrants_random	ALEATORIO
setup.rounds	VUELTAS
setup.rounds_single	IDA
setup.rounds_double	IDA Y VUELTA
setup.groups	GRUPOS
setup.groups_of_4_suffix	GRUPOS DE 4
setup.create_league	CREAR LIGA
setup.create_cup	CREAR COPA
setup.create_tournament	CREAR TORNEO
# CAREER SETUP
career.title	NUEVA CARRERA
career.blurb_seasons	LIGA Y COPA NACIONAL CADA TEMPORADA
career.blurb_promotion	GANA LA LIGA PARA ASCENDER, ULTIMO Y DESCIENDES
career.start	INICIAR CARRERA
# MANAGER NAME ENTRY
mgr.title	NOMBRE ENTRENADOR
mgr.hint	ESCRIBE NOMBRE   IZQ/DER TITULO   ENTER OK   ESC CANCELAR
mgr.title_row	TITULO
mgr.title_mr	SR
mgr.title_ms	SRA
mgr.default_name	JUGADOR
# COMPETITION DASHBOARD
dash.play_next_match	JUGAR SIG PARTIDO
dash.continue	CONTINUAR
dash.next_season	SIG TEMPORADA
dash.table	TABLA
dash.fixtures	CALENDARIO
dash.squad	PLANTILLA
dash.lineup	ALINEACION
dash.transfers	FICHAJES
dash.staff	TECNICOS
dash.scouting	OJEO
dash.record	HISTORIAL
dash.save_as	GUARDAR COMO
dash.retire	RETIRARSE
dash.abandon	ABANDONAR
dash.management_record	HISTORIAL GESTION
dash.status_retired	RETIRADO
dash.status_champions	CAMPEONES:
dash.status_eliminated	ELIMINADO
dash.offers_prefix	OFERTAS
dash.offers_unseen_mark	!
# NEXT MATCH / VIEW RESULT
next.title	PROXIMO PARTIDO
result.title	FINAL
result.label	RESULTADO
# MANAGEMENT RECORD
mrec.title	HISTORIAL GESTION
mrec.title_of_prefix	HISTORIAL GESTION DE
mrec.career_over	CARRERA TERMINADA
mrec.season	TEMPORADA
mrec.div	DIV
mrec.trophies	TROFEOS
mrec.none_yet	AUN NINGUNO
mrec.history	HISTORIA
mrec.first_season	PRIMERA TEMPORADA EN CURSO
# RETIRE CONFIRM
retire.title	RETIRARSE
retire.prompt	RETIRARSE DE LA GESTION?
retire.confirm	RETIRARSE
# PRESET COMPETITIONS
preset.title	COMPETICION PREDEF
preset.blurb	COMPETICIONES REALES CON SUS EQUIPOS REALES
preset.european_cup	COPA DE EUROPA
preset.uefa_cup	COPA UEFA
preset.cup_winners_cup	RECOPA
preset.world_cup	COPA DEL MUNDO
preset.european_championship	EUROCOPA
preset.copa_america	COPA AMERICA
preset.team_knockout_suffix	EQUIPOS ELIMINATORIA
preset.groups_then_knockout_suffix	GRUPOS DE 4 Y ELIMINATORIA
preset.create	CREAR
# SAVE AS / LOAD GAME
save.title	GUARDAR COMO
save.hint	ESCRIBE NOMBRE   ENTER OK   ESC CANCELAR
save.saved_as_prefix	GUARDADO COMO
load.title	CARGAR PARTIDA
load.delete_mode	MODO BORRAR
load.no_saved_games	SIN PARTIDAS GUARDADAS
# STANDINGS / FIXTURES
table.title	TABLA
table.group	GRUPO
fixtures.title	CALENDARIO
# TEAM SETUP
teamcfg.title	CONFIG EQUIPO
teamcfg.team	EQUIPO
teamcfg.team_home_prefix	LOCAL
teamcfg.team_away_prefix	VISITANTE
teamcfg.switch_home_away	CAMBIAR LOCAL / VISITANTE
teamcfg.coach	ENTRENADOR
# COMPETITION ENGINE
stage.league	LIGA
stage.group_prefix	GRUPO
stage.final	FINAL
stage.semi_final	SEMIFINAL
stage.quarter_final	CUARTOS DE FINAL
stage.round_of_16	OCTAVOS DE FINAL
stage.round_of_32	DIECISEISAVOS
stage.round_of_prefix	RONDA DE
stage.cup_prefix	COPA
round.league_round	LIGA - JORNADA
round.competition_complete	COMPETICION COMPLETADA
round.no_fixtures	SIN PARTIDOS
status.no_player_team	SIN EQUIPO JUGADOR
status.you_are_champion	ERES EL CAMPEON
status.you_are_prefix	ERES
status.you_are_unplaced	SIN CLASIFICAR
status.you_were_eliminated	FUISTE ELIMINADO
status.you_are_through	PASAS A LA SIGUIENTE RONDA
status.you_are_in_prefix	ESTAS EN
status.you_are_in_the_prefix	ESTAS EN
ord.st	O
ord.nd	O
ord.rd	O
ord.th	O
season.cup_winner	CAMPEON
season.cup_runner_up	SUBCAMPEON
season.cup_out_in_prefix	FUERA EN
season.cup_out	FUERA
season.trophy_league	TEMP %d CAMPEON DE LIGA
season.trophy_cup	TEMP %d CAMPEON DE COPA
season.history_line	S%d: LIGA %s, COPA %s
season.history_retired	S%d: RETIRADO
fixture.penalties_mark	P
# CAREER SQUAD
squad.title_suffix	PLANTILLA
squad.default_club	CLUB
squad.player_action	ACCION JUGADOR
squad.no_player_selected	SIN JUGADOR SELECCIONADO
squad.fit_injured	LES
# PLAYER ACTION
paction.value_prefix	VALOR
paction.time_to_negotiate	TIEMPO PARA NEGOCIAR
paction.take_off_list	QUITAR DE LISTA
paction.put_on_list	PONER EN VENTA
paction.give_free_transfer	DAR LIBRE
paction.off_list_prefix	FUERA DE LISTA
paction.listed_prefix	EN VENTA
paction.list_full_prefix	LISTA LLENA (MAX
# FREE TRANSFER
free.title	TRANSFERENCIA LIBRE
free.confirm_prompt	LIBERAR A %s GRATIS?
free.release	LIBERAR
free.released_prefix	LIBERADO
free.squad_too_small	PLANTILLA MUY PEQUENA
free.release_failed	LIBERACION FALLIDA
# LINEUP EDITOR
lineup.title	ALINEACION EQUIPO
lineup.auto	AUTO
lineup.hint	ARRIBA/ABAJO FILA   DISPARO ELEGIR/CAMBIAR   ESC ATRAS
lineup.picked_prefix	ELEGIDO
lineup.picked_swap_hint	- DISPARA UNA FILA PARA CAMBIAR
lineup.unmarked_prefix	DESMARCADO
lineup.slot_not_available	PUESTO NO DISPONIBLE
lineup.goal_needs_keeper	PORTERIA NECESITA PORTERO
lineup.swapped_prefix	CAMBIADO
lineup.swapped_and	Y
lineup.auto_restored	ALINEACION AUTO RESTAURADA
lineup.auto_label	ALINEACION AUTO
lineup.custom_label	ALINEACION PERSONAL
lineup.slot	PUESTO
lineup.slot_gk	POR
lineup.slot_sub	SUP
# STAFF
staff.title	CUERPO TECNICO
staff.coach	ENTRENADOR
staff.fire_selected	DESPEDIR
staff.hire_coach	CONTRATAR ENTRENADOR
staff.training_focus	FOCO ENTRENAMIENTO
staff.no_coach_selected	SIN ENTRENADOR SELECCIONADO
staff.no_coaches	SIN ENTRENADORES
# FIRE COACH
firecoach.title	DESPEDIR ENTRENADOR
firecoach.coach_not_available	ENTRENADOR NO DISPONIBLE
firecoach.severance_prefix	INDEMNIZACION
firecoach.fire	DESPEDIR
firecoach.fired_prefix	DESPEDIDO
# HIRE COACH
hire.title	CONTRATAR ENTRENADOR
hire.candidate	CANDIDATO
hire.hire	CONTRATAR
hire.hired_prefix	CONTRATADO
# TRAINING FOCUS
focus.title	FOCO ENTRENAMIENTO
focus.toggle	ALTERNAR FOCO
focus.removed_prefix	QUITADO
focus.focused_prefix	ENFOCADO
focus.max_prefix	MAX
focus.max_suffix	JUGADORES FOCO
focus.mark	*
# SCOUTING
scout.title	OJEO
scout.scout_player	OJEAR JUGADOR
scout.improve_prefix	MEJORAR OJEO
scout.maxed	OJEO AL MAXIMO
scout.unavailable	OJEO NO DISPONIBLE
scout.quality_prefix	CALIDAD OJEO
scout.no_watched	SIN JUGADORES VIGILADOS
scout.scout_selected	OJEAR SELECCIONADO
scout.scout_prefix	OJEAR
scout.scouted_prefix	OJEADO
scout.cost_prefix	COSTE
scout.no_players_available	SIN JUGADORES DISPONIBLES
# TRANSFER MARKET
market.title	MERCADO FICHAJES
market.max_price	PRECIO MAX
market.buy_selected	COMPRAR SELECCIONADO
market.no_player_selected	SIN JUGADOR SELECCIONADO
market.free_agent	AGENTE LIBRE
market.club_fallback_prefix	CLUB
market.price_any	CUALQUIERA
market.price_100k	<100K
market.price_250k	<250K
market.price_500k	<500K
market.price_1m	<1M
market.price_2m	<2M
market.price_5m	<5M
market.price_10m	<10M
market.price_over_10m	>=10M
# BUY / NEGOTIATION
buy.title	COMPRAR JUGADOR
buy.asking_prefix	PIDEN
buy.your_bid	TU OFERTA
buy.make_bid	HACER OFERTA
buy.club_unwilling	CLUB NO COMPRA MAS JUGADORES
buy.no_time	SIN TIEMPO PARA NEGOCIAR
buy.enter_a_bid	INTRODUCE UNA OFERTA
buy.not_enough_money	DINERO INSUFICIENTE
buy.bought_prefix	COMPRADO
buy.squad_full	PLANTILLA LLENA
buy.transfer_failed	FICHAJE FALLIDO
buy.counter_prefix	CONTRAOFERTAN A
buy.rejected	OFERTA MUY BAJA - RECHAZADA
# INCOMING OFFERS
offers.title	OFERTAS FICHAJE
offers.no_offers	SIN OFERTAS
offers.offer	OFERTA
offers.accept	ACEPTAR
offers.demand_more	PEDIR MAS
offers.reject	RECHAZAR
offers.header_negotiate_prefix	TIEMPO PARA NEGOCIAR
offers.header_sells	VENTAS
offers.not_available	OFERTA NO DISPONIBLE
offers.sold_prefix	VENDIDO
offers.sold_for	POR
offers.squad_too_small	PLANTILLA MUY PEQUENA
offers.accept_failed	FALLO AL ACEPTAR
offers.improved_prefix	MEJORADA A
offers.withdrawn	OFERTA RETIRADA
offers.refused	SE NIEGAN A PAGAR MAS
offers.rejected	OFERTA RECHAZADA
# MATCH HUD / OVERLAYS
hud.half_time	DESCANSO
hud.full_time	FINAL
hud.penalties	PENALTIS
hud.paused	PAUSA
hud.pause_resume_hint	espacio  reanudar
hud.pause_quit_hint	ESC    salir al menu
hud.goal	GOL!
hud.throw_in	SAQUE DE BANDA
hud.corner	CORNER
hud.goal_kick	SAQUE DE PUERTA
hud.press_space	pulsa espacio
hud.team_home_fallback	LOCAL
hud.team_away_fallback	VISITANTE
goal.type_penalty	(PEN)
goal.type_own_goal	(PP)
# S34 additions
bench.coach	ENTRENADOR
bench.coming_on	ENTRA: {0}
bench.fire_swap	TIRO SEL+SEL = CAMBIA
bench.formation	FORMACION
bench.formation_colon	FORMACION:
bench.help_leave	IZQ/DER SALIR BANQUILLO
bench.help_select	ARR/ABA SEL  TIRO OK
bench.hold_mark	MANTEN TIRO = MARCAR JUGADOR
bench.player_off	SALE:
bench.sub_in_progress	CAMBIO EN CURSO...
bench.swap_formation	CAMBIO / FORMACION:
bench.tag_inj	 LES
bench.tag_off	 [FUE]
bench.tag_sub	 [SUP]
bench.title	BANQUILLO - {0}
bench.user	JUGADOR {0}
career.dash_div_season	DIV {0}  TEMPORADA {1}
career.price_any	CUALQUIERA
career.rec_pwdl	J {0}   G {1}   E {2}   P {3}   GF {4}   GC {5}
career.rec_season_div	TEMPORADA {0}  {1}  DIV {2}
career.release_confirm	LIBERAR {0} GRATIS?
career.skill_letters	PVHTCSF
career.title_mr	SR
career.title_ms	SRA
comp.competition_complete	COMPETICION COMPLETADA
comp.cup	COPA
comp.entrants_random	ALEATORIO
comp.entrants_same_div	MISMA DIVISION
comp.entrants_same_nation	MISMA NACION
comp.league_round	LIGA - JORNADA {0}/{1}
comp.name_career	CARRERA
comp.name_cup	COPA
comp.name_league	LIGA
comp.name_tournament	TORNEO
comp.no_fixtures	SIN PARTIDOS
comp.no_player_team	SIN EQUIPO JUGADOR
comp.ord_nd	O
comp.ord_rd	O
comp.ord_st	O
comp.ord_th	O
comp.preset_copa_america	COPA AMERICA
comp.preset_cup_winners_cup	RECOPA
comp.preset_european_championship	EUROCOPA
comp.preset_european_cup	COPA DE EUROPA
comp.preset_uefa_cup	COPA UEFA
comp.preset_world_cup	COPA DEL MUNDO
comp.slot_finished	TERMINADA
comp.slot_no_team	SIN EQUIPO
comp.slot_round	RONDA {0}/{1}
comp.slot_winner	GANADOR {0}
comp.stage_final	FINAL
comp.stage_group	GRUPO
comp.stage_league	LIGA
comp.stage_quarter	CUARTOS DE FINAL
comp.stage_r16	OCTAVOS DE FINAL
comp.stage_r32	DIECISEISAVOS
comp.stage_round_of	RONDA DE
comp.stage_semi	SEMIFINAL
comp.you_are_pos	ERES {0}
comp.you_champion	ERES EL CAMPEON
comp.you_eliminated	FUISTE ELIMINADO
comp.you_in	ESTAS EN {0}
comp.you_in_the	ESTAS EN {0}
comp.you_through	PASAS A LA SIGUIENTE RONDA
comp.you_unplaced	SIN CLASIFICAR
firstrun.body	NO SE ENCONTRARON DATOS DEL JUEGO SWOS.\n\nOPENSWOS NECESITA SENSIBLE WORLD OF SOCCER 96/97 (EDICION AMIGA).\nDOS OPCIONES - LUEGO REINICIA EL JUEGO:\n\n  (A) COLOCA TUS IMAGENES DE DISQUETE AMIGA (*.ADF) EN:\n        {0}\n      OPENSWOS EXTRAE LO NECESARIO AL PROXIMO INICIO.\n\n  (B) YA TIENES LOS ARCHIVOS DEL JUEGO (P.EJ. UNA INSTALACION WHDLOAD)?\n      COPIALOS EN:\n        {1}\n\nOPCIONAL: COLOCA LA CARPETA DATA DEL PC (DOS) EN 'ORIGINAL_SWOS_PC/' PARA\nUNA LISTA DE EQUIPOS UN POCO MAYOR - NO ES OBLIGATORIO, Y NO CAMBIA LOS GRAFICOS.\n\nLAS EDICIONES SWOS ANTERIORES (94/95 ETC.) NO SON COMPATIBLES.
menu.team_coach_div	ENTRENADOR {0}   DIV {1}
menu.team_div	DIV {0}
menu.versus	  V
nation.continent_africa	AFRICA
nation.continent_asia	ASIA
nation.continent_europe	EUROPA
nation.continent_north_america	AMERICA DEL NORTE
nation.continent_oceania	OCEANIA
nation.continent_south_america	AMERICA DEL SUR
nav.hint_menu	ARR/ABA SEL   TIRO OK   ESC ATRAS
nav.hint_picker	ARR/ABA DESPLAZAR   TIRO SEL   ESC CANCELAR
nav.hint_picker_cols	ARR/ABA DESPLAZAR   IZQ/DER COLUMNA   TIRO SEL   ESC CANCELAR
nav.hint_stepper	ARR/ABA SEL   IZQ/DER CAMBIAR   TIRO OK   ESC ATRAS
nav.hint_table	ARR/ABA FILA   TIRO OK   ESC ATRAS
opt.commentator	COMENTARISTA
opt.commentator_hint	COMENTARIO HABLADO (SOLO SONIDO PC)
opt.display_fullfill	LLENAR
opt.display_fullinteger	ENTERO
opt.display_unknown	?
opt.display_windowed	VENTANA
opt.len_min_whole	{0} MIN REAL  (PARTIDO COMPLETO)
opt.len_sec_whole	{0}S REAL  (PARTIDO COMPLETO)
opt.smoothing_sharp	NITIDO
overlay.corner	CORNER
overlay.fulltime	FINAL
overlay.fulltime_body	FINAL\n\n{0}  {1} - {2}  {3}\n\nPULSA ESPACIO
overlay.goal	GOL!
overlay.goalkick	SAQUE DE PUERTA
overlay.halftime	DESCANSO
overlay.paused	PAUSA\n\nSPACE  REANUDAR\nESC    SALIR AL MENU
overlay.penalties	PENALTIS
overlay.throwin	SAQUE DE BANDA
pos.a	A
pos.d	D
pos.gk	GK
pos.lb	LB
pos.lw	LW
pos.m	M
pos.none	--
pos.rb	RB
pos.rw	RW
pos.unknown	?
result.away	VISITANTE
result.home	LOCAL
result.og	(PP)
result.pen	(PEN)
scout.notice_maxed	OJEO AL MAXIMO
scout.notice_no_money	DINERO INSUFICIENTE
scout.notice_player_unavailable	JUGADOR NO DISPONIBLE
scout.notice_unavailable	OJEO NO DISPONIBLE
staff.notice_coach_unavailable	ENTRENADOR NO DISPONIBLE
staff.notice_focus_full	ENFOQUE COMPLETO
staff.notice_full	PERSONAL COMPLETO
staff.notice_no_money	DINERO INSUFICIENTE
staff.notice_player_unavailable	JUGADOR NO DISPONIBLE
staff.notice_unavailable	PERSONAL NO DISPONIBLE
staff.spec_attack	ATAQUE
staff.spec_defence	DEFENSA
staff.spec_general	GENERAL
staff.spec_youth	JUVENIL
# FINANCES (career depth plan feature 1)
dash.finances	FINANZAS
fin.title	FINANZAS
fin.show_history	TEMPORADA A TEMPORADA
fin.show_sheet	ESTA TEMPORADA
fin.no_season	NINGUNA TEMPORADA COMPLETADA
fin.drawn_up	LAS CUENTAS SE CIERRAN AL FINAL DE TEMPORADA
fin.col_season	TEMPORADA
fin.col_league	LIGA
fin.col_cup	COPA
fin.col_income	INGRESOS
fin.col_wages	SALARIOS
fin.col_balance	SALDO
fin.season	TEMPORADA
fin.league	LIGA
fin.cup	COPA
fin.home_games	PARTIDOS EN CASA
fin.crowd	PUBLICO
fin.row.opening	SALDO AL INICIO DE TEMPORADA:
fin.row.gate	TAQUILLA:
fin.row.bonuses	PREMIOS + DERECHOS TV:
fin.row.sponsor	PATROCINIO DE SENSISOFT PLC:
fin.row.invest	INVERSION ADICIONAL DEL PRESIDENTE:
fin.row.invest_new	INVERSION DEL NUEVO PRESIDENTE:
fin.row.wages	SALARIOS DE JUGADORES:
fin.row.profit	BENEFICIO TOTAL:
fin.row.loss	PERDIDA TOTAL:
fin.row.closing	NUEVO SALDO:
fin.row.sales	VENTAS DE JUGADORES:
fin.row.purchases	COMPRAS DE JUGADORES:
# THE CHAIRMAN (career depth plan feature 2)
dash.chairman	PRESIDENTE
dash.status_sacked	DESTITUIDO
chair.title	PRESIDENTE
chair.memo	NOTA
chair.none	SIN NOTAS
chair.memo_header	NOTA DEL PRESIDENTE DEL CLUB
chair.memo_sign	SU PRESIDENTE
chair.earlier	NOTAS ANTERIORES
opt.board	DIRECTIVA
opt.board_hint	CON QUE RAPIDEZ TE DESTITUYE EL PRESIDENTE
opt.board_patient	PACIENTE
opt.board_normal	NORMAL
opt.board_ruthless	IMPLACABLE
chair.verdict0.1	BIEN HECHO %a, HAS HECHO UN TRABAJO EXCELENTE
chair.verdict0.2	ESTA TEMPORADA Y TODOS LO AGRADECEMOS
chair.verdict1.1	BUENA TEMPORADA %a, ESTAMOS TODOS MUY
chair.verdict1.2	CONTENTOS, SIGUE ASI
chair.verdict2.1	TEMPORADA IRREGULAR %a, TODOS ESPERAMOS
chair.verdict2.2	QUE MEJORE EN UN FUTURO PROXIMO
chair.verdict3.1	TEMPORADA POCO BUENA %a, ESPERAMOS QUE
chair.verdict3.2	MEJORES NUESTRO RENDIMIENTO LA PROXIMA
chair.verdict4.1	TEMPORADA MUY DECEPCIONANTE %a, EXIGIMOS
chair.verdict4.2	MUCHO MAS DE TI LA PROXIMA TEMPORADA
chair.sacked_league.1	CON GRAN PESAR LA JUNTA Y YO HEMOS
chair.sacked_league.2	DECIDIDO RELEVARTE DE TUS FUNCIONES
chair.not_renewed.1	CON GRAN PESAR HEMOS DECIDIDO NO
chair.not_renewed.2	RENOVAR TU CONTRATO - BUENA SUERTE
chair.not_renewed.3	Y ESPERAMOS VERTE PRONTO
chair.league_note.1	TOMA NOTA DE NUESTRA POSICION EN LA LIGA Y
chair.league_note.2	ASEGURATE DE MEJORARLA CUANTO ANTES
chair.league_warn.1	RECUERDA, SI NUESTRA POSICION NO MEJORA
chair.league_warn.2	TENDREMOS QUE REPLANTEARNOS TU PUESTO
chair.league_crisis.1	TRAS UNA CUESTION DE CONFIANZA, TIENES COMO MUCHO
chair.league_crisis.2	3 PARTIDOS PARA ENDEREZAR EL CLUB O SERAS DESPEDIDO
chair.money_note.1	TOMA NOTA DE NUESTRO SALDO BANCARIO Y
chair.money_note.2	ASEGURATE DE CUBRIR EL DESCUBIERTO CUANTO ANTES
chair.money_warn.1	SOLO UN RECORDATORIO SOBRE EL DESCUBIERTO
chair.money_warn.2	O TENDREMOS QUE REPLANTEARNOS TU PUESTO
chair.money_crisis.1	TRAS UNA REUNION DE CRISIS, EXIGIMOS QUE
chair.money_crisis.2	CUBRAS EL DESCUBIERTO YA O ESTAS DESPEDIDO
chair.new_season.1	UNAS LINEAS PARA DESEARTE MUCHO EXITO EN LA
chair.new_season.2	NUEVA TEMPORADA
chair.embargo_buy.1	LO SIENTO %a, EL CLUB NO ESTA DISPUESTO A
chair.embargo_buy.2	COMPRAR MAS JUGADORES ESTA TEMPORADA
chair.embargo_sell.1	TEN EN CUENTA %a QUE NO PERMITIREMOS
chair.embargo_sell.2	MAS VENTAS DE JUGADORES ESTA TEMPORADA
chair.sacked_money.1	CON GRAN PESAR LA JUNTA Y YO HEMOS
chair.sacked_money.2	DECIDIDO RELEVARTE DE TUS FUNCIONES
# JOB OFFERS (career depth plan feature #3)
job.title	OFERTAS DE TRABAJO
job.none	NO HAY OFERTAS
job.offer	OFERTA
job.accept	ACEPTAR
job.decline	RECHAZAR
job.declined	OFERTA RECHAZADA
job.not_available	OFERTA NO DISPONIBLE
job.signed_prefix	ACUERDO CON
job.new_job	NUEVO EMPLEO
job.reputation	REPUTACION
job.rep_world	CLASE MUNDIAL
job.rep_high	MUY VALORADO
job.rep_good	BIEN CONSIDERADO
job.rep_known	CONOCIDO
job.rep_unproven	SIN CONTRASTAR
job.rep_unwanted	NO DESEADO
job.division	DIVISION
job.squad	PLANTILLA
job.letter_header	OFERTA DE TRABAJO DE %a
job.letter.1	ESTIMADO SENOR/SENORA
job.letter.2	EN %a QUEREMOS OFRECERLE EL
job.letter.3	PUESTO DE ENTRENADOR PARA LA PROXIMA TEMPORADA
job.letter.4	PODEMOS OFRECERLE UN SALARIO MUY COMPETITIVO Y
job.letter.5	ESPERAMOS PONER FONDOS A SU DISPOSICION
job.letter.6	DEL ORDEN DE %b PARA MEJORAR EL EQUIPO
job.letter.7	ESPERAMOS SU RESPUESTA
job.accepted_note	HA ACEPTADO - EL CAMBIO SERA LA PROXIMA TEMPORADA
job.waiting_prefix	ESPERARAN OTROS
job.waiting_suffix	PARTIDOS
job.accepted.1	EN %a ESTAMOS ENCANTADOS DE QUE
job.accepted.2	HAYA ACEPTADO EL PUESTO DE ENTRENADOR
job.accepted.3	DESDE EL INICIO DE LA PROXIMA TEMPORADA
job.farewell.1	GRACIAS POR TODO %a, TE DESEAMOS
job.farewell.2	MUCHA SUERTE EN TU NUEVO EMPLEO
job.welcome.1	BIENVENIDO %a, ESPERAMOS MUCHOS
job.welcome.2	EXITOS DE NUESTRA NUEVA UNION
job.withdrawn.1	OFERTA DE TRABAJO DE %a RETIRADA
# board expectation line (feature #2 follow-up)
chair.expected	LA JUNTA ESPERABA
chair.of	DE
chair.finished	TERMINO
chair.expects	LA JUNTA ESPERA
# NATIONAL TEAM JOB (career depth plan feature #4)
natjob.entry	SELECCION
natjob.entry_offer	OFERTA DE TRABAJO INTERNACIONAL
natjob.title	SELECCION
natjob.title_offer	OFERTA DE TRABAJO INTERNACIONAL
natjob.player	JUGADOR
natjob.add	ANADIR JUGADOR
natjob.remove	QUITAR JUGADOR
natjob.auto	SELECCION AUTOMATICA
natjob.resign	DIMITIR
natjob.full	PLANTILLA COMPLETA
natjob.appointed	SELECCIONADOR DE
natjob.none	SIN CARGO INTERNACIONAL
natjob.no_players	NO HAY JUGADORES
natjob.squad_word	PLANTILLA
natjob.rating	VALORACION
natjob.home	LOCAL
natjob.abroad	EXTRANJERO
natjob.col_name	NOMBRE
natjob.col_pos	POS
natjob.col_ovr	VAL
natjob.col_where	DONDE
natjob.col_club	CLUB
natjob.letter_header	OFERTA DE TRABAJO INTERNACIONAL DE %a
natjob.offer.1	LOS MIEMBROS DEL COMITE DE FUTBOL
natjob.offer.2	DE %a LE OFRECEN EL PUESTO
natjob.offer.3	DE SELECCIONADOR NACIONAL
natjob.offer.4	LE PROMETEMOS UN SALARIO EXCELENTE Y
natjob.offer.5	UN CONTRATO REVISABLE CADA ANO
natjob.offer.6	ESPERAMOS SU RESPUESTA
natjob.accepted.1	LOS MIEMBROS DEL COMITE DE FUTBOL
natjob.accepted.2	DE %a ESTAN ENCANTADOS DE QUE HAYA
natjob.accepted.3	ACEPTADO EL PUESTO DE SELECCIONADOR
natjob.ended.1	LOS MIEMBROS DEL COMITE DE FUTBOL
natjob.ended.2	DE %a HAN DECIDIDO NO RENOVAR SU
natjob.ended.3	CONTRATO REVISABLE CADA ANO
# TOP SCORERS (career depth plan feature #5) + PLEASE WAIT
busy.title	POR FAVOR ESPERE
busy.new_career	CREANDO EL MUNDO
busy.next_season	TRANSCURRE EL VERANO
dash.scorers	MAXIMOS GOLEADORES
scorer.title	MAXIMOS GOLEADORES
scorer.view	LISTA
scorer.page	PAGINA
scorer.view_comp	COMPETICION
scorer.view_club	MI CLUB
scorer.view_history	TEMPORADA A TEMPORADA
scorer.leading	MAXIMOS GOLEADORES DE LA COMPETICION
scorer.goals	GOLES
scorer.own_goals	GOLES EN PROPIA
scorer.ex_player	GOLES DE EX JUGADORES
scorer.career_total	TOTAL CARRERA
scorer.season	TEMPORADA
scorer.season_top	MAXIMO GOLEADOR DE LA TEMPORADA
scorer.season_top_plural	MAXIMOS GOLEADORES DE LA TEMPORADA
scorer.no_goals	AUN NO HAY GOLES ESTA TEMPORADA
scorer.no_seasons	NINGUNA TEMPORADA COMPLETADA
# CAREER DASHBOARD SECTIONS (3-column layout)
dash.sec_match	PARTIDO
dash.sec_team	EQUIPO
dash.sec_club	CLUB
dash.sec_game	PARTIDA
nav.hint_cols	ARRIBA/ABAJO ELEGIR   IZQ/DER COLUMNA   FUEGO OK   ESC ATRAS
# TRAINING / CLUB DIARY / YOUTH INTAKE / CLUB RECORDS (2026-08-26)
dash.training	ENTRENAMIENTO
dash.chronicle	DIARIO DEL CLUB
dash.legends	RECORDS DEL CLUB
busy.training	ENTRENAMIENTO
train.title	ENTRENAMIENTO
train.drill	EJERCICIO
train.intensity	INTENSIDAD
train.toggle	ANADIR / QUITAR
train.auto	ELEGIR AUTO
train.auto_done	GRUPO ELEGIDO POR POTENCIAL
train.run	INICIAR SESION
train.report	ULTIMO INFORME
train.report_title	INFORME DE ENTRENAMIENTO
train.ready	SESION LISTA
train.closed	SIN ENTRENAMIENTO ENTRE TEMPORADAS
train.done_week	YA ENTRENADO ESTA SEMANA - PROXIMA SESION TRAS EL PARTIDO
train.coach	ENTRENADOR
train.trains	ENTRENA
train.trains_fitness	CONDICION
train.trains_keeper	JUEGO DE PORTERO
train.col_in	EN
train.col_con	CON
train.col_shp	FRM
train.col_room	MARG
train.col_grade	SESION
train.col_gain	PROGRESO
train.group_full	GRUPO LLENO - MAX
train.no_report	AUN NO SE HA HECHO NINGUNA SESION
train.injured	LESIONADO EN ENTRENAMIENTO
train.potential_up	TECHO ELEVADO
train.int_0	SUAVE
train.int_1	NORMAL
train.int_2	INTENSA
train.grade_0	POBRE
train.grade_1	OK
train.grade_2	BUENA
train.grade_3	EXCELENTE
train.drill_shooting	TIRO A PUERTA
train.drill_finishing	DEFINICION
train.drill_passing	PASES Y CENTROS
train.drill_control	CIRCUITO DE REGATE
train.drill_pace	SPRINTS Y SERIES
train.drill_heading	JUEGO AEREO
train.drill_defending	DEFENSA Y ENTRADA
train.drill_keeper	PORTEROS
train.drill_recovery	RECUPERACION Y FISICO
skill.passing	PASE
skill.shooting	TIRO
skill.heading	CABEZA
skill.tackling	ENTRADA
skill.control	CONTROL
skill.speed	VELOCIDAD
skill.finishing	DEFINICION
chron.title	DIARIO DEL CLUB
chron.season	TEMPORADA
chron.all	TODO
chron.empty	AUN NO HA PASADO NADA
chron.apps	%a DISPUTA EL PARTIDO %0 CON EL CLUB
chron.goals	%a MARCA EL GOL %0 CON EL CLUB
chron.training	ENTRENAMIENTO: %a, INTENSIDAD %b
chron.training_break	%0 JUGADOR(ES) SUPERARON SU TECHO
chron.breakthrough	%a ENTRENA POR ENCIMA DE SU NIVEL
chron.train_injury	%a SE LESIONO EN EL ENTRENAMIENTO
chron.intake	LA CANTERA PRODUJO %0 JUGADOR(ES)
chron.league_won	%a ES CAMPEON
chron.league_pos	%a PUESTO EN LIGA
chron.cup_won	%a GANA LA COPA
chron.topscorer	MAXIMO GOLEADOR: %a CON %0
chron.signed	FICHADO %a POR %b
chron.sold	VENDIDO %a POR %b
chron.released	%a LIBERADO
chron.sacked	DESTITUIDO POR %a
chron.verdict	LA JUNTA VALORO LA TEMPORADA: %a
chron.big_win	VICTORIA ANTE %a %b
chron.big_loss	DERROTA %b ANTE %a
chron.win_run	%0 VICTORIAS SEGUIDAS
chron.unbeaten	%0 PARTIDOS SIN PERDER
chron.winless	%0 PARTIDOS SIN GANAR
youth.entry	CANTERA
youth.title	CANTERA
youth.none	LA CANTERA NO PRODUJO A NADIE ESTE VERANO
youth.header	INFORME DE LA CANTERA - LOS OJEADORES DAN UN RANGO
youth.col_est	VEREDICTO OJEADOR
youth.promote	ANADIR AL GRUPO
youth.release	LIBERAR
youth.released	LIBERADO
youth.added	ANADIDO AL ENTRENAMIENTO
youth.already	YA ESTA EN EL GRUPO
youth.cannot_release	PLANTILLA DEMASIADO CORTA
legend.title	RECORDS DEL CLUB
legend.header	PARTIDOS HISTORICOS
legend.empty	NINGUNA TEMPORADA COMPLETADA EN ESTE CLUB
legend.col_apps	PJ
legend.col_goals	GOL
legend.col_last	ULT
legend.still	AQUI
