key	fr
# COMMON
common.back	RETOUR
common.continue	CONTINUER
common.cancel	ANNULER
common.ok	OK
common.on	OUI
common.off	NON
common.na	N/D
common.none	AUCUN
common.versus	V
common.page	PAGE
common.previous_page	PAGE PRECEDENTE
common.next_page	PAGE SUIVANTE
common.no_career_data	AUCUNE CARRIERE
common.no_squad_data	AUCUN EFFECTIF
common.player_not_available	JOUEUR INDISPONIBLE
common.player	JOUEUR
common.budget	BUDGET
common.sort	TRIER
common.sort_by	TRIER PAR
common.value	VALEUR
common.skill	NIVEAU
common.age	AGE
common.money_thousands_suffix	K
common.money_millions_suffix	M
# TABLE COLUMN HEADERS
col.pos	POS
col.team	EQUIPE
col.name	NOM
col.number	NO
col.number_hash	#
col.p	J
col.w	G
col.d	N
col.l	P
col.gf	BP
col.ga	BC
col.pts	PTS
col.skl	NIV
col.skill	NIV
col.pot	POT
col.sta	END
col.form	F
col.fit	COND
col.val	VAL
col.nat	NAT
col.club	CLUB
col.price	PRIX
col.spec	SPEC
col.quality	Q
col.wage	SAL
col.fee	FRAIS
col.amount	MONT
col.exp	EXP
col.skill_row	PA TA TI TE CO VI FI
# HOME
home.title	O P E N   S W O S
home.play_match	JOUER MATCH
home.competitions	COMPETITIONS
home.multiplayer	MULTIJOUEUR
home.team_setup	CONFIG EQUIPE
home.options	OPTIONS
home.career	CARRIERE
home.exit	QUITTER
home.credit	PAR GRZEGORZ KORYCKI
home.continue_prefix	CONTINUER:
# QUIT
quit.title	QUITTER
quit.are_you_sure	ETES-VOUS SUR?
quit.quit_to_windows	QUITTER VERS WINDOWS
quit.return_to_game	RETOUR AU JEU
# FRIENDLY
friendly.title	MATCH AMICAL
friendly.home	DOMICILE
friendly.away	EXTERIEUR
friendly.swap_teams	INVERSER EQUIPES
friendly.pitch	TERRAIN
friendly.opponent	ADVERSAIRE
friendly.half_length	DUREE MI-TEMPS
friendly.game_speed	VITESSE JEU
friendly.kick_off	COUP D'ENVOI
friendly.context	AMICAL
# VERSUS
versus.play	JOUER
versus.view_result	VOIR RESULTAT
# STADIUM
stadium.title	EQUIPES
stadium.kick_off	COUP D'ENVOI
stadium.edit_lineup	MODIF COMPO
# OPTIONS
opt.title	OPTIONS
opt.page	PAGE
opt.language	LANGUE
opt.half_length	DUREE MI-TEMPS
opt.game_speed	VITESSE JEU
opt.opponent	ADVERSAIRE
opt.pitch	TERRAIN
opt.skill_scaling	ECHELLE NIVEAU
opt.skill_scaling_hint	ECHELLE NIVEAU PRIX JOUEUR SWOS FIDELE
opt.all_teams_equal	EQUIPES EGALES
opt.all_teams_equal_hint	EGALISE LA FORCE DES EQUIPES JOUEUR
opt.pre_match_menus	MENUS AVANT MATCH
opt.player_fatigue	FATIGUE JOUEUR
opt.energy_bar	BARRE ENERGIE
opt.music	MUSIQUE
opt.music_hint	MUSIQUE MENU AMIGA / PC / PERSO
opt.sound	SON
opt.sound_hint	SONS DE MATCH PC OU AMIGA
opt.display	AFFICHAGE
opt.display_hint	F11 DEFILE  ALT+ENTER PLEIN ECRAN
# OPTION VALUES
val.pitch_none	(AUCUN)
val.pitch_random	ALEATOIRE
val.opponent_ai	IA
val.opponent_player2	JOUEUR 2  (WASD)
val.opponent_demo	DEMO  (IA V IA)
val.sound_amiga	AMIGA
val.sound_pc	PC
val.music_custom	PERSO
val.music_off	AUCUNE
val.length_whole_match_seconds	%dS REEL  (MATCH ENTIER)
val.length_whole_match_minutes	%d MIN REEL  (MATCH ENTIER)
val.display_windowed	FENETRE
val.display_full_fill	PLEIN ETIRE
val.display_full_integer	PLEIN ENTIER
# LOCAL MULTIPLAYER
mp.title	MULTIJOUEUR LOCAL
mp.controls_hint	JOUEUR 1: FLECHES+ESPACE   JOUEUR 2: WASD+MAJ
mp.start	LANCER MATCH 2 JOUEURS
# PICKERS
pick.continent	CONTINENT
pick.country	PAYS
pick.your_team	VOTRE EQUIPE
pick.all_countries	TOUS LES PAYS
pick.all	TOUS
pick.select_country	CHOISIR PAYS
pick.select_continent	CHOISIR CONTINENT
pick.select_your_team	CHOISIR EQUIPE
pick.home_team	EQUIPE DOMICILE
pick.away_team	EQUIPE EXTERIEUR
pick.nothing_to_choose	RIEN A CHOISIR
pick.item	ELEMENT
pick.more_down	PLUS v
# DRAW CEREMONY
draw.title_suffix	TIRAGE
# PLAY AGAIN
playagain.title	FIN DU MATCH
playagain.play_again	REJOUER
playagain.exit	QUITTER
# COMPETITIONS HUB
comp.title	COMPETITIONS
comp.new_league	NOUVELLE LIGUE
comp.new_cup	NOUVELLE COUPE
comp.new_tournament	NOUVEAU TOURNOI
comp.preset_competition	COMPETITION PREDEFINIE
comp.new_career	NOUVELLE CARRIERE
comp.load_game	CHARGER PARTIE
# LEAGUE / CUP / TOURNAMENT SETUP
setup.league_title	NOUVELLE LIGUE
setup.cup_title	NOUVELLE COUPE
setup.tournament_title	NOUVEAU TOURNOI
setup.size	TAILLE
setup.teams_suffix	EQUIPES
setup.entrants	PARTICIPANTS
setup.entrants_same_division	MEME DIVISION
setup.entrants_same_nation	MEME NATION
setup.entrants_random	ALEATOIRE
setup.rounds	TOURS
setup.rounds_single	SIMPLE
setup.rounds_double	DOUBLE
setup.groups	GROUPES
setup.groups_of_4_suffix	GROUPES DE 4
setup.create_league	CREER LIGUE
setup.create_cup	CREER COUPE
setup.create_tournament	CREER TOURNOI
# CAREER SETUP
career.title	NOUVELLE CARRIERE
career.blurb_seasons	LIGUE ET COUPE NATIONALE CHAQUE SAISON
career.blurb_promotion	GAGNEZ LA LIGUE POUR MONTER, DERNIER ET VOUS DESCENDEZ
career.start	DEBUTER CARRIERE
# MANAGER NAME ENTRY
mgr.title	NOM DU MANAGER
mgr.hint	TAPEZ NOM   GAUCHE/DROITE TITRE   ENTREE OK   ECHAP ANNULER
mgr.title_row	TITRE
mgr.title_mr	M
mgr.title_ms	MME
mgr.default_name	JOUEUR
# COMPETITION DASHBOARD
dash.play_next_match	JOUER PROCHAIN MATCH
dash.continue	CONTINUER
dash.next_season	SAISON SUIVANTE
dash.table	CLASSEMENT
dash.fixtures	CALENDRIER
dash.squad	EFFECTIF
dash.lineup	COMPO
dash.transfers	TRANSFERTS
dash.staff	STAFF
dash.scouting	RECRUTEMENT
dash.record	BILAN
dash.save_as	SAUVER SOUS
dash.retire	RETRAITE
dash.abandon	ABANDONNER
dash.management_record	BILAN MANAGER
dash.status_retired	RETRAITE
dash.status_champions	CHAMPIONS:
dash.status_eliminated	ELIMINE
dash.offers_prefix	OFFRES
dash.offers_unseen_mark	!
# NEXT MATCH / VIEW RESULT
next.title	PROCHAIN MATCH
result.title	FIN DU MATCH
result.label	RESULTAT
# MANAGEMENT RECORD
mrec.title	BILAN MANAGER
mrec.title_of_prefix	BILAN MANAGER DE
mrec.career_over	CARRIERE TERMINEE
mrec.season	SAISON
mrec.div	DIV
mrec.trophies	TROPHEES
mrec.none_yet	PAS ENCORE
mrec.history	HISTORIQUE
mrec.first_season	PREMIERE SAISON EN COURS
# RETIRE CONFIRM
retire.title	RETRAITE
retire.prompt	PRENDRE SA RETRAITE?
retire.confirm	RETRAITE
# PRESET COMPETITIONS
preset.title	COMPETITION PREDEFINIE
preset.blurb	VRAIES COMPETITIONS AVEC LEURS VRAIES EQUIPES
preset.european_cup	COUPE D'EUROPE
preset.uefa_cup	COUPE UEFA
preset.cup_winners_cup	COUPE DES COUPES
preset.world_cup	COUPE DU MONDE
preset.european_championship	CHAMPIONNAT D'EUROPE
preset.copa_america	COPA AMERICA
preset.team_knockout_suffix	EQUIPES ELIMINATION
preset.groups_then_knockout_suffix	GROUPES DE 4 PUIS ELIMINATION
preset.create	CREER
# SAVE AS / LOAD GAME
save.title	SAUVER SOUS
save.hint	TAPEZ NOM   ENTREE OK   ECHAP ANNULER
save.saved_as_prefix	SAUVE SOUS
load.title	CHARGER PARTIE
load.delete_mode	MODE SUPPRESSION
load.no_saved_games	AUCUNE SAUVEGARDE
# STANDINGS / FIXTURES
table.title	CLASSEMENT
table.group	GROUPE
fixtures.title	CALENDRIER
# TEAM SETUP
teamcfg.title	CONFIG EQUIPE
teamcfg.team	EQUIPE
teamcfg.team_home_prefix	DOM
teamcfg.team_away_prefix	EXT
teamcfg.switch_home_away	CHANGER DOM / EXT
teamcfg.coach	COACH
# COMPETITION ENGINE
stage.league	LIGUE
stage.group_prefix	GROUPE
stage.final	FINALE
stage.semi_final	DEMI-FINALE
stage.quarter_final	QUART DE FINALE
stage.round_of_16	HUITIEMES
stage.round_of_32	SEIZIEMES
stage.round_of_prefix	TOUR DE
stage.cup_prefix	COUPE
round.league_round	LIGUE - JOURNEE
round.competition_complete	COMPETITION TERMINEE
round.no_fixtures	AUCUN MATCH
status.no_player_team	AUCUNE EQUIPE JOUEUR
status.you_are_champion	VOUS ETES CHAMPION
status.you_are_prefix	VOUS ETES
status.you_are_unplaced	VOUS N'ETES PAS CLASSE
status.you_were_eliminated	VOUS ETES ELIMINE
status.you_are_through	VOUS PASSEZ AU TOUR SUIVANT
status.you_are_in_prefix	VOUS ETES DANS
status.you_are_in_the_prefix	VOUS ETES EN
ord.st	ER
ord.nd	E
ord.rd	E
ord.th	E
season.cup_winner	VAINQUEUR
season.cup_runner_up	FINALISTE
season.cup_out_in_prefix	SORTI EN
season.cup_out	SORTI
season.trophy_league	CHAMPION DE LIGUE SAISON %d
season.trophy_cup	VAINQUEUR COUPE SAISON %d
season.history_line	S%d: LIGUE %s, COUPE %s
season.history_retired	S%d: RETRAITE
fixture.penalties_mark	T
# CAREER SQUAD
squad.title_suffix	EFFECTIF
squad.default_club	CLUB
squad.player_action	ACTION JOUEUR
squad.no_player_selected	AUCUN JOUEUR CHOISI
squad.fit_injured	BLE
# PLAYER ACTION
paction.value_prefix	VALEUR
paction.time_to_negotiate	TEMPS DE NEGO
paction.take_off_list	RETIRER DE LISTE
paction.put_on_list	METTRE SUR LISTE
paction.give_free_transfer	TRANSFERT LIBRE
paction.off_list_prefix	HORS LISTE
paction.listed_prefix	LISTE
paction.list_full_prefix	LISTE PLEINE (MAX
# FREE TRANSFER
free.title	TRANSFERT LIBRE
free.confirm_prompt	LIBERER %s GRATUITEMENT?
free.release	LIBERER
free.released_prefix	LIBERE
free.squad_too_small	EFFECTIF TROP PETIT
free.release_failed	LIBERATION ECHOUEE
# LINEUP EDITOR
lineup.title	COMPO EQUIPE
lineup.auto	AUTO
lineup.hint	HAUT/BAS LIGNE   TIR CHOIX/ECHANGE   ECHAP RETOUR
lineup.picked_prefix	CHOISI
lineup.picked_swap_hint	- TIREZ UNE LIGNE POUR ECHANGER
lineup.unmarked_prefix	DEMARQUE
lineup.slot_not_available	PLACE INDISPONIBLE
lineup.goal_needs_keeper	PLACE BUT EXIGE UN GARDIEN
lineup.swapped_prefix	ECHANGE
lineup.swapped_and	ET
lineup.auto_restored	COMPO AUTO RETABLIE
lineup.auto_label	COMPO AUTO
lineup.custom_label	COMPO PERSO
lineup.slot	PLACE
lineup.slot_gk	GB
lineup.slot_sub	REMP
# STAFF
staff.title	STAFF
staff.coach	COACH
staff.fire_selected	VIRER CHOISI
staff.hire_coach	ENGAGER COACH
staff.training_focus	FOCUS ENTRAIN
staff.no_coach_selected	AUCUN COACH CHOISI
staff.no_coaches	AUCUN COACH
# FIRE COACH
firecoach.title	VIRER COACH
firecoach.coach_not_available	COACH INDISPONIBLE
firecoach.severance_prefix	INDEMNITE
firecoach.fire	VIRER
firecoach.fired_prefix	VIRE
# HIRE COACH
hire.title	ENGAGER COACH
hire.candidate	CANDIDAT
hire.hire	ENGAGER
hire.hired_prefix	ENGAGE
# TRAINING FOCUS
focus.title	FOCUS ENTRAIN
focus.toggle	BASCULER FOCUS
focus.removed_prefix	RETIRE
focus.focused_prefix	FOCUS
focus.max_prefix	MAX
focus.max_suffix	JOUEURS FOCUS
focus.mark	*
# SCOUTING
scout.title	RECRUTEMENT
scout.scout_player	OBSERVER JOUEUR
scout.improve_prefix	AMELIORER RECRUT
scout.maxed	RECRUT AU MAX
scout.unavailable	RECRUT INDISPONIBLE
scout.quality_prefix	QUALITE RECRUT
scout.no_watched	AUCUN JOUEUR SUIVI
scout.scout_selected	OBSERVER CHOISI
scout.scout_prefix	OBSERVER
scout.scouted_prefix	OBSERVE
scout.cost_prefix	COUT
scout.no_players_available	AUCUN JOUEUR DISPO
# TRANSFER MARKET
market.title	MARCHE TRANSFERTS
market.max_price	PRIX MAX
market.buy_selected	ACHETER CHOISI
market.no_player_selected	AUCUN JOUEUR CHOISI
market.free_agent	LIBRE
market.club_fallback_prefix	CLUB
market.price_any	TOUS
market.price_100k	<100K
market.price_250k	<250K
market.price_500k	<500K
market.price_1m	<1M
market.price_2m	<2M
market.price_5m	<5M
market.price_10m	<10M
market.price_over_10m	>=10M
# BUY / NEGOTIATION
buy.title	ACHETER JOUEUR
buy.asking_prefix	DEMANDE
buy.your_bid	VOTRE OFFRE
buy.make_bid	FAIRE OFFRE
buy.club_unwilling	CLUB NE VEUT PAS ACHETER
buy.no_time	PLUS DE TEMPS POUR NEGOCIER
buy.enter_a_bid	ENTREZ UNE OFFRE
buy.not_enough_money	PAS ASSEZ D'ARGENT
buy.bought_prefix	ACHETE
buy.squad_full	EFFECTIF PLEIN
buy.transfer_failed	TRANSFERT ECHOUE
buy.counter_prefix	CONTRE-OFFRE A
buy.rejected	OFFRE TROP BASSE - REFUSEE
# INCOMING OFFERS
offers.title	OFFRES TRANSFERT
offers.no_offers	AUCUNE OFFRE
offers.offer	OFFRE
offers.accept	ACCEPTER
offers.demand_more	EXIGER PLUS
offers.reject	REFUSER
offers.header_negotiate_prefix	TEMPS DE NEGO
offers.header_sells	VENTES
offers.not_available	OFFRE INDISPONIBLE
offers.sold_prefix	VENDU
offers.sold_for	POUR
offers.squad_too_small	EFFECTIF TROP PETIT
offers.accept_failed	ACCEPT ECHOUEE
offers.improved_prefix	AMELIOREE A
offers.withdrawn	OFFRE RETIREE
offers.refused	ILS REFUSENT DE PAYER PLUS
offers.rejected	OFFRE REFUSEE
# MATCH HUD / OVERLAYS
hud.half_time	MI-TEMPS
hud.full_time	FIN DU MATCH
hud.penalties	TIRS AU BUT
hud.paused	PAUSE
hud.pause_resume_hint	espace  reprendre
hud.pause_quit_hint	echap    quitter au menu
hud.goal	BUT!
hud.throw_in	TOUCHE
hud.corner	CORNER
hud.goal_kick	SIX METRES
hud.press_space	espace
hud.team_home_fallback	DOMICILE
hud.team_away_fallback	EXTERIEUR
goal.type_penalty	(PEN)
goal.type_own_goal	(CSC)
# S34 additions
bench.coach	COACH
bench.coming_on	ENTRE: {0}
bench.fire_swap	TIR SEL+SEL = ECHANGE
bench.formation	FORMATION
bench.formation_colon	FORMATION:
bench.help_leave	GAUCHE/DROITE QUITTER BANC
bench.help_select	HAUT/BAS SELEC  TIR OK
bench.hold_mark	MAINTENIR TIR = MARQUER JOUEUR
bench.player_off	SORT:
bench.sub_in_progress	REMPLACEMENT EN COURS...
bench.swap_formation	ECHANGE / FORMATION:
bench.tag_inj	 BLE
bench.tag_off	 [SOR]
bench.tag_sub	 [REM]
bench.title	BANC - {0}
bench.user	JOUEUR {0}
career.dash_div_season	DIV {0}  SAISON {1}
career.price_any	TOUS
career.rec_pwdl	J {0}   G {1}   N {2}   P {3}   BP {4}   BC {5}
career.rec_season_div	SAISON {0}  {1}  DIV {2}
career.release_confirm	LIBERER {0} GRATUITEMENT?
career.skill_letters	PVHTCSF
career.title_mr	M
career.title_ms	MME
comp.competition_complete	COMPETITION TERMINEE
comp.cup	COUPE
comp.entrants_random	ALEATOIRE
comp.entrants_same_div	MEME DIVISION
comp.entrants_same_nation	MEME NATION
comp.league_round	LIGUE - JOURNEE {0}/{1}
comp.name_career	CARRIERE
comp.name_cup	COUPE
comp.name_league	LIGUE
comp.name_tournament	TOURNOI
comp.no_fixtures	AUCUN MATCH
comp.no_player_team	PAS D'EQUIPE JOUEUR
comp.ord_nd	E
comp.ord_rd	E
comp.ord_st	ER
comp.ord_th	E
comp.preset_copa_america	COPA AMERICA
comp.preset_cup_winners_cup	COUPE DES COUPES
comp.preset_european_championship	CHAMPIONNAT D'EUROPE
comp.preset_european_cup	COUPE D'EUROPE
comp.preset_uefa_cup	COUPE UEFA
comp.preset_world_cup	COUPE DU MONDE
comp.slot_finished	TERMINE
comp.slot_no_team	AUCUNE EQUIPE
comp.slot_round	TOUR {0}/{1}
comp.slot_winner	VAINQUEUR {0}
comp.stage_final	FINALE
comp.stage_group	GROUPE
comp.stage_league	LIGUE
comp.stage_quarter	QUART DE FINALE
comp.stage_r16	HUITIEMES
comp.stage_r32	SEIZIEMES
comp.stage_round_of	TOUR DE
comp.stage_semi	DEMI-FINALE
comp.you_are_pos	VOUS ETES {0}
comp.you_champion	VOUS ETES CHAMPION
comp.you_eliminated	VOUS ETES ELIMINE
comp.you_in	VOUS ETES DANS {0}
comp.you_in_the	VOUS ETES EN {0}
comp.you_through	VOUS PASSEZ AU TOUR SUIVANT
comp.you_unplaced	VOUS N'ETES PAS CLASSE
firstrun.body	AUCUNE DONNEE DE JEU SWOS TROUVEE.\n\nOPENSWOS A BESOIN DE SENSIBLE WORLD OF SOCCER 96/97 (EDITION AMIGA).\nDEUX OPTIONS - PUIS REDEMARREZ LE JEU:\n\n  (A) DEPOSEZ VOS IMAGES DE DISQUETTE AMIGA (*.ADF) DANS:\n        {0}\n      OPENSWOS EXTRAIT CE QU'IL FAUT AU PROCHAIN DEMARRAGE.\n\n  (B) VOUS AVEZ DEJA LES FICHIERS DE JEU (P.EX. INSTALLATION WHDLOAD)?\n      COPIEZ-LES DANS:\n        {1}\n\nOPTIONNEL: DEPOSEZ LE DOSSIER DATA DU PC (DOS) DANS 'ORIGINAL_SWOS_PC/' POUR\nUNE LISTE D'EQUIPES UN PEU PLUS GRANDE - NON REQUIS, ET NE CHANGE PAS LES GRAPHISMES.\n\nLES EDITIONS SWOS ANTERIEURES (94/95 ETC.) NE SONT PAS COMPATIBLES.
menu.team_coach_div	COACH {0}   DIV {1}
menu.team_div	DIV {0}
menu.versus	  V
nation.continent_africa	AFRIQUE
nation.continent_asia	ASIE
nation.continent_europe	EUROPE
nation.continent_north_america	AMERIQUE DU NORD
nation.continent_oceania	OCEANIE
nation.continent_south_america	AMERIQUE DU SUD
nav.hint_menu	HAUT/BAS SELEC   TIR OK   ESC RETOUR
nav.hint_picker	HAUT/BAS DEFILER   TIR SELEC   ESC ANNULER
nav.hint_picker_cols	HAUT/BAS DEFILER   GAUCHE/DROITE COLONNE   TIR SELEC   ESC ANNULER
nav.hint_stepper	HAUT/BAS SELEC   GAUCHE/DROITE CHANGER   TIR OK   ESC RETOUR
nav.hint_table	HAUT/BAS LIGNE   TIR OK   ESC RETOUR
opt.commentator	COMMENTATEUR
opt.commentator_hint	COMMENTAIRE PARLE (SON PC UNIQUEMENT)
opt.display_fullfill	REMPLIR
opt.display_fullinteger	ENTIER
opt.display_unknown	?
opt.display_windowed	FENETRE
opt.len_min_whole	{0} MIN REEL  (MATCH ENTIER)
opt.len_sec_whole	{0}S REEL  (MATCH ENTIER)
opt.smoothing_sharp	NET
overlay.corner	CORNER
overlay.fulltime	FIN DU MATCH
overlay.fulltime_body	FIN DU MATCH\n\n{0}  {1} - {2}  {3}\n\nAPPUYEZ SUR ESPACE
overlay.goal	BUT!
overlay.goalkick	SIX METRES
overlay.halftime	MI-TEMPS
overlay.paused	PAUSE\n\nSPACE  REPRENDRE\nESC    QUITTER AU MENU
overlay.penalties	TIRS AU BUT
overlay.throwin	TOUCHE
pos.a	A
pos.d	D
pos.gk	GK
pos.lb	LB
pos.lw	LW
pos.m	M
pos.none	--
pos.rb	RB
pos.rw	RW
pos.unknown	?
result.away	EXTERIEUR
result.home	DOMICILE
result.og	(CSC)
result.pen	(PEN)
scout.notice_maxed	RECRUTEMENT AU MAX
scout.notice_no_money	PAS ASSEZ D'ARGENT
scout.notice_player_unavailable	JOUEUR INDISPONIBLE
scout.notice_unavailable	RECRUTEMENT INDISPONIBLE
staff.notice_coach_unavailable	COACH INDISPONIBLE
staff.notice_focus_full	FOCUS COMPLET
staff.notice_full	STAFF COMPLET
staff.notice_no_money	PAS ASSEZ D'ARGENT
staff.notice_player_unavailable	JOUEUR INDISPONIBLE
staff.notice_unavailable	STAFF INDISPONIBLE
staff.spec_attack	ATTAQUE
staff.spec_defence	DEFENSE
staff.spec_general	GENERAL
staff.spec_youth	JEUNES
# FINANCES (career depth plan feature 1)
dash.finances	FINANCES
fin.title	FINANCES
fin.show_history	SAISON PAR SAISON
fin.show_sheet	CETTE SAISON
fin.no_season	AUCUNE SAISON TERMINEE
fin.drawn_up	LES COMPTES SONT FAITS EN FIN DE SAISON
fin.col_season	SAISON
fin.col_league	LIGUE
fin.col_cup	COUPE
fin.col_income	RECETTES
fin.col_wages	SALAIRES
fin.col_balance	SOLDE
fin.season	SAISON
fin.league	LIGUE
fin.cup	COUPE
fin.home_games	MATCHS A DOMICILE
fin.crowd	SPECTATEURS
fin.row.opening	SOLDE EN DEBUT DE SAISON:
fin.row.gate	RECETTES BILLETTERIE:
fin.row.bonuses	PRIMES + DROITS TV:
fin.row.sponsor	SPONSORING DE SENSISOFT PLC:
fin.row.invest	INVESTISSEMENT DU PRESIDENT:
fin.row.invest_new	INVESTISSEMENT DU NOUVEAU PRESIDENT:
fin.row.wages	SALAIRES DES JOUEURS:
fin.row.profit	BENEFICE TOTAL:
fin.row.loss	PERTE TOTALE:
fin.row.closing	NOUVEAU SOLDE:
fin.row.sales	VENTES DE JOUEURS:
fin.row.purchases	ACHATS DE JOUEURS:
# THE CHAIRMAN (career depth plan feature 2)
dash.chairman	PRESIDENT
dash.status_sacked	LIMOGE
chair.title	PRESIDENT
chair.memo	NOTE
chair.none	AUCUNE NOTE
chair.memo_header	NOTE DU PRESIDENT DU CLUB
chair.memo_sign	VOTRE PRESIDENT
chair.earlier	NOTES PRECEDENTES
opt.board	DIRECTION
opt.board_hint	A QUELLE VITESSE LE PRESIDENT VOUS LIMOGE
opt.board_patient	PATIENTE
opt.board_normal	NORMALE
opt.board_ruthless	IMPITOYABLE
chair.verdict0.1	BRAVO %a, VOUS AVEZ FAIT UN EXCELLENT TRAVAIL
chair.verdict0.2	CETTE SAISON ET NOUS L'APPRECIONS TOUS
chair.verdict1.1	UNE BONNE SAISON %a, NOUS SOMMES TOUS TRES
chair.verdict1.2	SATISFAITS, CONTINUEZ AINSI
chair.verdict2.1	UNE SAISON EN DENTS DE SCIE %a, NOUS ESPERONS
chair.verdict2.2	UNE AMELIORATION DANS UN PROCHE AVENIR
chair.verdict3.1	SAISON PEU CONVAINCANTE %a, NOUS ESPERONS
chair.verdict3.2	MIEUX LA SAISON PROCHAINE
chair.verdict4.1	SAISON TRES DECEVANTE %a, NOUS EXIGEONS
chair.verdict4.2	BEAUCOUP MIEUX LA SAISON PROCHAINE
chair.sacked_league.1	C'EST AVEC REGRET QUE LE CONSEIL ET MOI AVONS
chair.sacked_league.2	DECIDE DE VOUS RELEVER DE VOS FONCTIONS
chair.not_renewed.1	C'EST AVEC REGRET QUE NOUS AVONS DECIDE DE NE PAS
chair.not_renewed.2	RENOUVELER VOTRE CONTRAT - BONNE CHANCE
chair.not_renewed.3	ET NOUS ESPERONS VOUS REVOIR BIENTOT
chair.league_note.1	NOTEZ NOTRE CLASSEMENT ACTUEL ET
chair.league_note.2	VEILLEZ A L'AMELIORER AU PLUS VITE
chair.league_warn.1	RAPPELEZ-VOUS, SANS AMELIORATION AU CLASSEMENT
chair.league_warn.2	NOUS DEVRONS RECONSIDERER VOTRE POSTE
chair.league_crisis.1	APRES UN VOTE DE CONFIANCE, VOUS AVEZ AU PLUS
chair.league_crisis.2	3 MATCHS POUR REDRESSER LE CLUB OU VOUS PARTEZ
chair.money_note.1	NOTEZ L'ETAT DE NOTRE COMPTE ET
chair.money_note.2	VEILLEZ A COMBLER LE DECOUVERT AU PLUS VITE
chair.money_warn.1	SIMPLE RAPPEL AU SUJET DU DECOUVERT
chair.money_warn.2	SINON NOUS DEVRONS RECONSIDERER VOTRE POSTE
chair.money_crisis.1	APRES UNE REUNION DE CRISE, NOUS EXIGEONS
chair.money_crisis.2	LE COMBLEMENT IMMEDIAT DU DECOUVERT OU VOUS PARTEZ
chair.new_season.1	UN MOT POUR VOUS SOUHAITER TOUT LE SUCCES
chair.new_season.2	POUR LA NOUVELLE SAISON
chair.embargo_buy.1	DESOLE %a, LE CLUB N'EST PAS DISPOSE A
chair.embargo_buy.2	ACHETER D'AUTRES JOUEURS CETTE SAISON
chair.embargo_sell.1	NOTEZ BIEN %a QUE NOUS N'AUTORISERONS PAS
chair.embargo_sell.2	D'AUTRES VENTES DE JOUEURS CETTE SAISON
chair.sacked_money.1	C'EST AVEC REGRET QUE LE CONSEIL ET MOI AVONS
chair.sacked_money.2	DECIDE DE VOUS RELEVER DE VOS FONCTIONS
# JOB OFFERS (career depth plan feature #3)
job.title	OFFRES D EMPLOI
job.none	AUCUNE OFFRE
job.offer	OFFRE
job.accept	ACCEPTER
job.decline	REFUSER
job.declined	OFFRE REFUSEE
job.not_available	OFFRE INDISPONIBLE
job.signed_prefix	ACCORD AVEC
job.new_job	NOUVEAU POSTE
job.reputation	REPUTATION
job.rep_world	CLASSE MONDIALE
job.rep_high	TRES COTE
job.rep_good	BIEN VU
job.rep_known	CONNU
job.rep_unproven	SANS REFERENCES
job.rep_unwanted	INDESIRABLE
job.division	DIVISION
job.squad	EFFECTIF
job.letter_header	OFFRE D EMPLOI DE %a
job.letter.1	MADAME, MONSIEUR
job.letter.2	NOUS A %a AIMERIONS VOUS PROPOSER LE
job.letter.3	POSTE D ENTRAINEUR POUR LA SAISON PROCHAINE
job.letter.4	NOUS OFFRONS UN SALAIRE TRES COMPETITIF ET
job.letter.5	NOUS ESPERONS DEGAGER DES FONDS
job.letter.6	DE L ORDRE DE %b POUR RENFORCER L EQUIPE
job.letter.7	DANS L ATTENTE DE VOTRE REPONSE
job.accepted_note	VOUS AVEZ ACCEPTE - LE DEPART EST POUR LA SAISON PROCHAINE
job.waiting_prefix	ILS ATTENDRONT ENCORE
job.waiting_suffix	MATCHS
job.accepted.1	NOUS A %a SOMMES RAVIS QUE VOUS
job.accepted.2	AYEZ ACCEPTE LE POSTE D ENTRAINEUR CHEZ NOUS
job.accepted.3	DES LE DEBUT DE LA SAISON PROCHAINE
job.farewell.1	MERCI POUR TOUT %a, NOUS VOUS
job.farewell.2	SOUHAITONS BONNE CHANCE AILLEURS
job.welcome.1	BIENVENUE %a, NOUS ESPERONS BEAUCOUP
job.welcome.2	DE SUCCES DE NOTRE NOUVELLE COLLABORATION
job.withdrawn.1	OFFRE D EMPLOI DE %a RETIREE
# board expectation line (feature #2 follow-up)
chair.expected	LE CONSEIL ATTENDAIT
chair.of	SUR
chair.finished	TERMINE
chair.expects	LE CONSEIL ATTEND
# NATIONAL TEAM JOB (career depth plan feature #4)
natjob.entry	EQUIPE NATIONALE
natjob.entry_offer	OFFRE D EMPLOI INTERNATIONALE
natjob.title	EQUIPE NATIONALE
natjob.title_offer	OFFRE D EMPLOI INTERNATIONALE
natjob.player	JOUEUR
natjob.add	AJOUTER JOUEUR
natjob.remove	RETIRER JOUEUR
natjob.auto	SELECTION AUTO
natjob.resign	DEMISSIONNER
natjob.full	GROUPE COMPLET
natjob.appointed	SELECTIONNEUR DE
natjob.none	AUCUN POSTE INTERNATIONAL
natjob.no_players	AUCUN JOUEUR DISPONIBLE
natjob.squad_word	GROUPE
natjob.rating	NIVEAU
natjob.home	PAYS
natjob.abroad	ETRANGER
natjob.col_name	NOM
natjob.col_pos	POS
natjob.col_ovr	GEN
natjob.col_where	OU
natjob.col_club	CLUB
natjob.letter_header	OFFRE D EMPLOI INTERNATIONALE DE %a
natjob.offer.1	LES MEMBRES DU COMITE DE FOOTBALL
natjob.offer.2	DE %a AIMERAIENT VOUS OFFRIR LE POSTE
natjob.offer.3	DE SELECTIONNEUR NATIONAL
natjob.offer.4	NOUS PROMETTONS UN EXCELLENT SALAIRE ET
natjob.offer.5	UN CONTRAT REVISABLE CHAQUE ANNEE
natjob.offer.6	DANS L ATTENTE DE VOTRE REPONSE
natjob.accepted.1	LES MEMBRES DU COMITE DE FOOTBALL
natjob.accepted.2	DE %a SONT RAVIS QUE VOUS AYEZ
natjob.accepted.3	ACCEPTE LE POSTE DE SELECTIONNEUR
natjob.ended.1	LES MEMBRES DU COMITE DE FOOTBALL
natjob.ended.2	DE %a ONT DECIDE DE NE PAS RENOUVELER
natjob.ended.3	VOTRE CONTRAT REVISABLE CHAQUE ANNEE
# TOP SCORERS (career depth plan feature #5) + PLEASE WAIT
busy.title	VEUILLEZ PATIENTER
busy.new_career	CREATION DU MONDE
busy.next_season	L ETE SE DEROULE
dash.scorers	MEILLEURS BUTEURS
scorer.title	MEILLEURS BUTEURS
scorer.view	LISTE
scorer.page	PAGE
scorer.view_comp	COMPETITION
scorer.view_club	MON CLUB
scorer.view_history	SAISON PAR SAISON
scorer.leading	MEILLEURS BUTEURS DE LA COMPETITION
scorer.goals	BUTS
scorer.own_goals	BUTS CONTRE SON CAMP
scorer.ex_player	BUTS D ANCIENS JOUEURS
scorer.career_total	TOTAL CARRIERE
scorer.season	SAISON
scorer.season_top	MEILLEUR BUTEUR DE LA SAISON
scorer.season_top_plural	MEILLEURS BUTEURS DE LA SAISON
scorer.no_goals	AUCUN BUT CETTE SAISON
scorer.no_seasons	AUCUNE SAISON TERMINEE
# CAREER DASHBOARD SECTIONS (3-column layout)
dash.sec_match	MATCH
dash.sec_team	EQUIPE
dash.sec_club	CLUB
dash.sec_game	PARTIE
nav.hint_cols	HAUT/BAS CHOIX   GAUCHE/DROITE COLONNE   FEU OK   ESC RETOUR
# TRAINING / CLUB DIARY / YOUTH INTAKE / CLUB RECORDS (2026-08-26)
dash.training	ENTRAINEMENT
dash.chronicle	JOURNAL DU CLUB
dash.legends	RECORDS DU CLUB
busy.training	ENTRAINEMENT
train.title	ENTRAINEMENT
train.drill	EXERCICE
train.intensity	INTENSITE
train.toggle	AJOUTER / RETIRER
train.auto	CHOIX AUTO
train.auto_done	GROUPE CHOISI PAR POTENTIEL
train.run	LANCER LA SEANCE
train.report	DERNIER RAPPORT
train.report_title	RAPPORT D'ENTRAINEMENT
train.ready	SEANCE PRETE
train.closed	PAS D'ENTRAINEMENT ENTRE LES SAISONS
train.done_week	DEJA ENTRAINE CETTE SEMAINE - PROCHAINE SEANCE APRES LE MATCH
train.coach	ENTRAINEUR
train.trains	TRAVAILLE
train.trains_fitness	CONDITION
train.trains_keeper	JEU AU BUT
train.col_in	IN
train.col_con	CON
train.col_shp	FRM
train.col_room	MARGE
train.col_grade	SEANCE
train.col_gain	PROGRES
train.group_full	GROUPE COMPLET - MAX
train.no_report	AUCUNE SEANCE N'A ENCORE EU LIEU
train.injured	BLESSE A L'ENTRAINEMENT
train.potential_up	PLAFOND RELEVE
train.int_0	LEGERE
train.int_1	NORMALE
train.int_2	INTENSE
train.grade_0	FAIBLE
train.grade_1	OK
train.grade_2	BON
train.grade_3	EXCELLENT
train.drill_shooting	TRAVAIL DE FRAPPE
train.drill_finishing	FINITION
train.drill_passing	PASSES ET CENTRES
train.drill_control	PARCOURS DE DRIBBLE
train.drill_pace	SPRINTS ET NAVETTES
train.drill_heading	JEU DE TETE
train.drill_defending	DEFENSE ET TACLE
train.drill_keeper	GARDIENS
train.drill_recovery	RECUPERATION ET PHYSIQUE
skill.passing	PASSE
skill.shooting	TIR
skill.heading	TETE
skill.tackling	TACLE
skill.control	CONTROLE
skill.speed	VITESSE
skill.finishing	FINITION
chron.title	JOURNAL DU CLUB
chron.season	SAISON
chron.all	TOUT
chron.empty	RIEN NE S'EST ENCORE PASSE
chron.apps	%a DISPUTE SON MATCH %0 POUR LE CLUB
chron.goals	%a MARQUE SON BUT %0 POUR LE CLUB
chron.training	ENTRAINEMENT: %a, INTENSITE %b
chron.training_break	%0 JOUEUR(S) ONT DEPASSE LEUR PLAFOND
chron.breakthrough	%a S'ENTRAINE AU-DESSUS DE SON NIVEAU
chron.train_injury	%a S'EST BLESSE A L'ENTRAINEMENT
chron.intake	LE CENTRE A FORME %0 JOUEUR(S)
chron.league_won	%a EST CHAMPION
chron.league_pos	%a PLACE EN CHAMPIONNAT
chron.cup_won	%a REMPORTE LA COUPE
chron.topscorer	MEILLEUR BUTEUR: %a AVEC %0
chron.signed	%a RECRUTE POUR %b
chron.sold	%a VENDU POUR %b
chron.released	%a LIBERE
chron.sacked	LIMOGE PAR %a
chron.verdict	LE CONSEIL A JUGE LA SAISON: %a
chron.big_win	VICTOIRE CONTRE %a %b
chron.big_loss	DEFAITE %b CONTRE %a
chron.win_run	%0 VICTOIRES DE SUITE
chron.unbeaten	%0 MATCHS SANS DEFAITE
chron.winless	%0 MATCHS SANS VICTOIRE
youth.entry	JEUNES
youth.title	CENTRE DE FORMATION
youth.none	LE CENTRE N'A FORME PERSONNE CET ETE
youth.header	RAPPORT DU CENTRE - LES RECRUTEURS DONNENT UNE FOURCHETTE
youth.col_est	AVIS DU RECRUTEUR
youth.promote	AJOUTER AU GROUPE
youth.release	LIBERER
youth.released	LIBERE
youth.added	AJOUTE A L'ENTRAINEMENT
youth.already	DEJA DANS LE GROUPE
youth.cannot_release	EFFECTIF TROP COURT
legend.title	RECORDS DU CLUB
legend.header	MATCHS DE TOUS LES TEMPS
legend.empty	AUCUNE SAISON ACHEVEE DANS CE CLUB
legend.col_apps	MJ
legend.col_goals	BUT
legend.col_last	DER
legend.still	ICI
