key	id
# COMMON
common.back	KEMBALI
common.continue	LANJUT
common.cancel	BATAL
common.ok	OK
common.on	HIDUP
common.off	MATI
common.na	N/A
common.none	KOSONG
common.versus	V
common.page	HAL
common.previous_page	HAL SEBELUM
common.next_page	HAL BERIKUT
common.no_career_data	TAK ADA DATA KARIR
common.no_squad_data	TAK ADA DATA SKUAD
common.player_not_available	PEMAIN TAK TERSEDIA
common.player	PEMAIN
common.budget	DANA
common.sort	URUT
common.sort_by	URUTKAN
common.value	NILAI
common.skill	SKILL
common.age	USIA
common.money_thousands_suffix	K
common.money_millions_suffix	M
# TABLE COLUMN HEADERS
col.pos	POS
col.team	TIM
col.name	NAMA
col.number	NO
col.number_hash	#
col.p	MA
col.w	M
col.d	S
col.l	K
col.gf	MG
col.ga	KG
col.pts	PN
col.skl	SKL
col.skill	SKILL
col.pot	POT
col.sta	STA
col.form	F
col.fit	FIT
col.val	NIL
col.nat	NEG
col.club	KLUB
col.price	HRG
col.spec	SPS
col.quality	K
col.wage	GAJI
col.fee	BIAYA
col.amount	JML
col.exp	KAD
col.skill_row	UM TK TB SD KO CP FN
# HOME
home.title	O P E N   S W O S
home.play_match	MAIN LAGA
home.competitions	KOMPETISI
home.multiplayer	MULTIPLAYER
home.team_setup	ATUR TIM
home.options	OPSI
home.career	KARIR
home.exit	KELUAR
home.credit	OLEH GRZEGORZ KORYCKI
home.continue_prefix	LANJUT:
# QUIT
quit.title	KELUAR
quit.are_you_sure	ANDA YAKIN?
quit.quit_to_windows	KELUAR KE WINDOWS
quit.return_to_game	KEMBALI KE GAME
# FRIENDLY
friendly.title	LAGA PERSAHABATAN
friendly.home	KANDANG
friendly.away	TANDANG
friendly.swap_teams	TUKAR TIM
friendly.pitch	LAPANGAN
friendly.opponent	LAWAN
friendly.half_length	DURASI BABAK
friendly.game_speed	KECEPATAN GAME
friendly.kick_off	MULAI
friendly.context	PERSAHABATAN
# VERSUS
versus.play	MAIN
versus.view_result	LIHAT HASIL
# STADIUM
stadium.title	TIM
stadium.kick_off	MULAI
stadium.edit_lineup	UBAH SUSUNAN
# OPTIONS
opt.title	OPSI
opt.page	HAL
opt.language	BAHASA
opt.half_length	DURASI BABAK
opt.game_speed	KECEPATAN GAME
opt.opponent	LAWAN
opt.pitch	LAPANGAN
opt.skill_scaling	SKALA SKILL
opt.skill_scaling_hint	SKALA SKILL HARGA PEMAIN SWOS ASLI
opt.all_teams_equal	SEMUA TIM SAMA
opt.all_teams_equal_hint	SAMAKAN KEKUATAN TIM PEMAIN
opt.pre_match_menus	MENU PRA LAGA
opt.player_fatigue	KELELAHAN PEMAIN
opt.energy_bar	BAR ENERGI
opt.music	MUSIK
opt.music_hint	MUSIK MENU AMIGA / PC / KUSTOM
opt.sound	SUARA
opt.sound_hint	SUARA LAGA PC ATAU AMIGA
opt.display	TAMPILAN
opt.display_hint	F11 GANTI  ALT+ENTER LAYAR PENUH
# OPTION VALUES
val.pitch_none	(KOSONG)
val.pitch_random	ACAK
val.opponent_ai	AI
val.opponent_player2	PEMAIN 2  (WASD)
val.opponent_demo	DEMO  (AI V AI)
val.sound_amiga	AMIGA
val.sound_pc	PC
val.music_custom	KUSTOM
val.music_off	MATI
val.length_whole_match_seconds	%dD NYATA  (SELURUH LAGA)
val.length_whole_match_minutes	%d MNT NYATA  (SELURUH LAGA)
val.display_windowed	BERJENDELA
val.display_full_fill	ISI PENUH
val.display_full_integer	INTEGER PENUH
# LOCAL MULTIPLAYER
mp.title	MULTIPLAYER LOKAL
mp.controls_hint	PEMAIN 1: PANAH+SPASI   PEMAIN 2: WASD+SHIFT
mp.start	MULAI LAGA 2 PEMAIN
# PICKERS
pick.continent	BENUA
pick.country	NEGARA
pick.your_team	TIM ANDA
pick.all_countries	SEMUA NEGARA
pick.all	SEMUA
pick.select_country	PILIH NEGARA
pick.select_continent	PILIH BENUA
pick.select_your_team	PILIH TIM ANDA
pick.home_team	TIM KANDANG
pick.away_team	TIM TANDANG
pick.nothing_to_choose	TAK ADA PILIHAN
pick.item	ITEM
pick.more_down	LAGI v
# DRAW CEREMONY
draw.title_suffix	UNDIAN
# PLAY AGAIN
playagain.title	AKHIR LAGA
playagain.play_again	MAIN LAGI
playagain.exit	KELUAR
# COMPETITIONS HUB
comp.title	KOMPETISI
comp.new_league	LIGA BARU
comp.new_cup	PIALA BARU
comp.new_tournament	TURNAMEN BARU
comp.preset_competition	KOMPETISI RESMI
comp.new_career	KARIR BARU
comp.load_game	MUAT GAME
# LEAGUE / CUP / TOURNAMENT SETUP
setup.league_title	LIGA BARU
setup.cup_title	PIALA BARU
setup.tournament_title	TURNAMEN BARU
setup.size	JUMLAH
setup.teams_suffix	TIM
setup.entrants	PESERTA
setup.entrants_same_division	DIVISI SAMA
setup.entrants_same_nation	NEGARA SAMA
setup.entrants_random	ACAK
setup.rounds	PUTARAN
setup.rounds_single	TUNGGAL
setup.rounds_double	GANDA
setup.groups	GRUP
setup.groups_of_4_suffix	GRUP ISI 4
setup.create_league	BUAT LIGA
setup.create_cup	BUAT PIALA
setup.create_tournament	BUAT TURNAMEN
# CAREER SETUP
career.title	KARIR BARU
career.blurb_seasons	LIGA DAN PIALA DOMESTIK TIAP MUSIM
career.blurb_promotion	JUARA LIGA UNTUK PROMOSI, TERAKHIR DEGRADASI
career.start	MULAI KARIR
# MANAGER NAME ENTRY
mgr.title	NAMA MANAJER
mgr.hint	KETIK NAMA   KIRI/KANAN GELAR   ENTER OK   ESC BATAL
mgr.title_row	GELAR
mgr.title_mr	TN
mgr.title_ms	NY
mgr.default_name	PEMAIN
# COMPETITION DASHBOARD
dash.play_next_match	MAIN LAGA BERIKUT
dash.continue	LANJUT
dash.next_season	MUSIM BERIKUT
dash.table	KLASEMEN
dash.fixtures	JADWAL
dash.squad	SKUAD
dash.lineup	SUSUNAN
dash.transfers	TRANSFER
dash.staff	STAF
dash.scouting	PEMANDUAN
dash.record	REKOR
dash.save_as	SIMPAN
dash.retire	PENSIUN
dash.abandon	TINGGALKAN
dash.management_record	REKOR MANAJEMEN
dash.status_retired	PENSIUN
dash.status_champions	JUARA:
dash.status_eliminated	TERSINGKIR
dash.offers_prefix	TAWARAN
dash.offers_unseen_mark	!
# NEXT MATCH / VIEW RESULT
next.title	LAGA BERIKUT
result.title	AKHIR LAGA
result.label	HASIL
# MANAGEMENT RECORD
mrec.title	REKOR MANAJEMEN
mrec.title_of_prefix	REKOR MANAJEMEN
mrec.career_over	KARIR BERAKHIR
mrec.season	MUSIM
mrec.div	DIV
mrec.trophies	TROFI
mrec.none_yet	BELUM ADA
mrec.history	RIWAYAT
mrec.first_season	MUSIM PERTAMA BERJALAN
# RETIRE CONFIRM
retire.title	PENSIUN
retire.prompt	PENSIUN DARI MANAJEMEN?
retire.confirm	PENSIUN
# PRESET COMPETITIONS
preset.title	KOMPETISI RESMI
preset.blurb	KOMPETISI NYATA DENGAN PESERTA ASLI
preset.european_cup	PIALA EROPA
preset.uefa_cup	PIALA UEFA
preset.cup_winners_cup	PIALA WINNERS
preset.world_cup	PIALA DUNIA
preset.european_championship	KEJUARAAN EROPA
preset.copa_america	COPA AMERICA
preset.team_knockout_suffix	TIM GUGUR
preset.groups_then_knockout_suffix	GRUP ISI 4 LALU GUGUR
preset.create	BUAT
# SAVE AS / LOAD GAME
save.title	SIMPAN SEBAGAI
save.hint	KETIK NAMA SLOT   ENTER OK   ESC BATAL
save.saved_as_prefix	DISIMPAN
load.title	MUAT GAME
load.delete_mode	MODE HAPUS
load.no_saved_games	TAK ADA SIMPANAN
# STANDINGS / FIXTURES
table.title	KLASEMEN
table.group	GRUP
fixtures.title	JADWAL
# TEAM SETUP
teamcfg.title	ATUR TIM
teamcfg.team	TIM
teamcfg.team_home_prefix	KANDANG
teamcfg.team_away_prefix	TANDANG
teamcfg.switch_home_away	GANTI KANDANG / TANDANG
teamcfg.coach	PELATIH
# COMPETITION ENGINE
stage.league	LIGA
stage.group_prefix	GRUP
stage.final	FINAL
stage.semi_final	SEMI FINAL
stage.quarter_final	PEREMPAT FINAL
stage.round_of_16	BABAK 16 BESAR
stage.round_of_32	BABAK 32 BESAR
stage.round_of_prefix	BABAK
stage.cup_prefix	PIALA
round.league_round	LIGA - PEKAN
round.competition_complete	KOMPETISI SELESAI
round.no_fixtures	TAK ADA JADWAL
status.no_player_team	TAK ADA TIM PEMAIN
status.you_are_champion	ANDA JUARA
status.you_are_prefix	ANDA PERINGKAT
status.you_are_unplaced	ANDA BELUM MASUK
status.you_were_eliminated	ANDA TERSINGKIR
status.you_are_through	ANDA LOLOS KE BABAK BERIKUT
status.you_are_in_prefix	ANDA DI
status.you_are_in_the_prefix	ANDA DI
ord.st	.
ord.nd	.
ord.rd	.
ord.th	.
season.cup_winner	JUARA
season.cup_runner_up	RUNNER UP
season.cup_out_in_prefix	GUGUR DI
season.cup_out	GUGUR
season.trophy_league	MUSIM %d JUARA LIGA
season.trophy_cup	MUSIM %d JUARA PIALA
season.history_line	S%d: LIGA %s, PIALA %s
season.history_retired	S%d: PENSIUN
fixture.penalties_mark	P
# CAREER SQUAD
squad.title_suffix	SKUAD
squad.default_club	KLUB
squad.player_action	AKSI PEMAIN
squad.no_player_selected	TAK ADA PEMAIN DIPILIH
squad.fit_injured	CDR
# PLAYER ACTION
paction.value_prefix	NILAI
paction.time_to_negotiate	WAKTU NEGOSIASI
paction.take_off_list	HAPUS DARI DAFTAR
paction.put_on_list	MASUK DAFTAR TRANSFER
paction.give_free_transfer	TRANSFER GRATIS
paction.off_list_prefix	KELUAR DAFTAR
paction.listed_prefix	DIDAFTARKAN
paction.list_full_prefix	DAFTAR PENUH (MAKS
# FREE TRANSFER
free.title	TRANSFER GRATIS
free.confirm_prompt	LEPAS %s GRATIS?
free.release	LEPAS
free.released_prefix	DILEPAS
free.squad_too_small	SKUAD TERLALU KECIL
free.release_failed	GAGAL MELEPAS
# LINEUP EDITOR
lineup.title	SUSUNAN TIM
lineup.auto	OTOMATIS
lineup.hint	ATAS/BAWAH BARIS   TEKAN PILIH/TUKAR   ESC KEMBALI
lineup.picked_prefix	DIPILIH
lineup.picked_swap_hint	- TEKAN BARIS UNTUK TUKAR
lineup.unmarked_prefix	DIBATALKAN
lineup.slot_not_available	SLOT TAK TERSEDIA
lineup.goal_needs_keeper	SLOT GAWANG BUTUH KIPER
lineup.swapped_prefix	DITUKAR
lineup.swapped_and	DAN
lineup.auto_restored	SUSUNAN OTOMATIS DIPULIHKAN
lineup.auto_label	SUSUNAN OTOMATIS
lineup.custom_label	SUSUNAN KUSTOM
lineup.slot	SLOT
lineup.slot_gk	GK
lineup.slot_sub	CAD
# STAFF
staff.title	STAF
staff.coach	PELATIH
staff.fire_selected	PECAT TERPILIH
staff.hire_coach	REKRUT PELATIH
staff.training_focus	FOKUS LATIHAN
staff.no_coach_selected	TAK ADA PELATIH DIPILIH
staff.no_coaches	TAK ADA PELATIH
# FIRE COACH
firecoach.title	PECAT PELATIH
firecoach.coach_not_available	PELATIH TAK TERSEDIA
firecoach.severance_prefix	PESANGON
firecoach.fire	PECAT
firecoach.fired_prefix	DIPECAT
# HIRE COACH
hire.title	REKRUT PELATIH
hire.candidate	KANDIDAT
hire.hire	REKRUT
hire.hired_prefix	DIREKRUT
# TRAINING FOCUS
focus.title	FOKUS LATIHAN
focus.toggle	UBAH FOKUS
focus.removed_prefix	DIHAPUS
focus.focused_prefix	DIFOKUSKAN
focus.max_prefix	MAKS
focus.max_suffix	PEMAIN FOKUS
focus.mark	*
# SCOUTING
scout.title	PEMANDUAN
scout.scout_player	PANTAU PEMAIN
scout.improve_prefix	TINGKATKAN PEMANDUAN
scout.maxed	PEMANDUAN MAKS
scout.unavailable	PEMANDUAN TAK TERSEDIA
scout.quality_prefix	KUALITAS PANDU
scout.no_watched	TAK ADA PEMAIN DIPANTAU
scout.scout_selected	PANTAU TERPILIH
scout.scout_prefix	PANTAU
scout.scouted_prefix	DIPANTAU
scout.cost_prefix	BIAYA
scout.no_players_available	TAK ADA PEMAIN
# TRANSFER MARKET
market.title	BURSA TRANSFER
market.max_price	HARGA MAKS
market.buy_selected	BELI TERPILIH
market.no_player_selected	TAK ADA PEMAIN DIPILIH
market.free_agent	AGEN BEBAS
market.club_fallback_prefix	KLUB
market.price_any	SEMUA
market.price_100k	<100K
market.price_250k	<250K
market.price_500k	<500K
market.price_1m	<1M
market.price_2m	<2M
market.price_5m	<5M
market.price_10m	<10M
market.price_over_10m	>=10M
# BUY / NEGOTIATION
buy.title	BELI PEMAIN
buy.asking_prefix	MINTA
buy.your_bid	TAWARAN ANDA
buy.make_bid	AJUKAN TAWARAN
buy.club_unwilling	KLUB ENGGAN BELI PEMAIN
buy.no_time	WAKTU NEGOSIASI HABIS
buy.enter_a_bid	MASUKKAN TAWARAN
buy.not_enough_money	DANA TAK CUKUP
buy.bought_prefix	DIBELI
buy.squad_full	SKUAD PENUH
buy.transfer_failed	TRANSFER GAGAL
buy.counter_prefix	MEREKA MINTA
buy.rejected	TAWARAN RENDAH - DITOLAK
# INCOMING OFFERS
offers.title	TAWARAN TRANSFER
offers.no_offers	TAK ADA TAWARAN
offers.offer	TAWARAN
offers.accept	TERIMA
offers.demand_more	MINTA LEBIH
offers.reject	TOLAK
offers.header_negotiate_prefix	WAKTU NEGOSIASI
offers.header_sells	JUAL
offers.not_available	TAWARAN TAK TERSEDIA
offers.sold_prefix	DIJUAL
offers.sold_for	SEHARGA
offers.squad_too_small	SKUAD TERLALU KECIL
offers.accept_failed	GAGAL MENERIMA
offers.improved_prefix	NAIK KE
offers.withdrawn	TAWARAN DITARIK
offers.refused	MEREKA TOLAK BAYAR LEBIH
offers.rejected	TAWARAN DITOLAK
# MATCH HUD / OVERLAYS
hud.half_time	TURUN MINUM
hud.full_time	AKHIR LAGA
hud.penalties	ADU PENALTI
hud.paused	JEDA
hud.pause_resume_hint	spasi  lanjut
hud.pause_quit_hint	ESC    keluar ke menu
hud.goal	GOL!
hud.throw_in	LEMPARAN
hud.corner	SEPAK POJOK
hud.goal_kick	TENDANGAN GAWANG
hud.press_space	tekan spasi
hud.team_home_fallback	KANDANG
hud.team_away_fallback	TANDANG
goal.type_penalty	(PEN)
goal.type_own_goal	(GB)
# S34 additions
bench.coach	PELATIH
bench.coming_on	MASUK: {0}
bench.fire_swap	TEMBAK PILIH+PILIH = TUKAR
bench.formation	FORMASI
bench.formation_colon	FORMASI:
bench.help_leave	KIRI/KANAN TINGGAL BANGKU
bench.help_select	ATAS/BWH PILIH  TEMBAK OK
bench.hold_mark	TAHAN TEMBAK = TANDAI PEMAIN
bench.player_off	PEMAIN KELUAR:
bench.sub_in_progress	PERGANTIAN BERLANGSUNG...
bench.swap_formation	TUKAR / FORMASI:
bench.tag_inj	 CDR
bench.tag_off	 [KLR]
bench.tag_sub	 [GNT]
bench.title	BANGKU - {0}
bench.user	PENGGUNA {0}
career.dash_div_season	DIV {0}  MUSIM {1}
career.price_any	SEMUA
career.rec_pwdl	P {0}   W {1}   D {2}   L {3}   GF {4}   GA {5}
career.rec_season_div	MUSIM {0}  {1}  DIV {2}
career.release_confirm	LEPAS {0} GRATIS?
career.skill_letters	PVHTCSF
career.title_mr	BPK
career.title_ms	IBU
comp.competition_complete	KOMPETISI SELESAI
comp.cup	PIALA
comp.entrants_random	ACAK
comp.entrants_same_div	DIV SAMA
comp.entrants_same_nation	NEGARA SAMA
comp.league_round	LIGA - BABAK {0}/{1}
comp.name_career	KARIR
comp.name_cup	PIALA
comp.name_league	LIGA
comp.name_tournament	TURNAMEN
comp.no_fixtures	TAK ADA JADWAL
comp.no_player_team	TAK ADA TIM PEMAIN
comp.ord_nd	.
comp.ord_rd	.
comp.ord_st	.
comp.ord_th	.
comp.preset_copa_america	COPA AMERICA
comp.preset_cup_winners_cup	PIALA JUARA PIALA
comp.preset_european_championship	KEJUARAAN EROPA
comp.preset_european_cup	PIALA EROPA
comp.preset_uefa_cup	PIALA UEFA
comp.preset_world_cup	PIALA DUNIA
comp.slot_finished	SELESAI
comp.slot_no_team	TAK ADA TIM
comp.slot_round	BABAK {0}/{1}
comp.slot_winner	PEMENANG {0}
comp.stage_final	FINAL
comp.stage_group	GRUP
comp.stage_league	LIGA
comp.stage_quarter	PEREMPAT FINAL
comp.stage_r16	16 BESAR
comp.stage_r32	32 BESAR
comp.stage_round_of	BABAK
comp.stage_semi	SEMIFINAL
comp.you_are_pos	ANDA {0}
comp.you_champion	ANDA JUARA
comp.you_eliminated	ANDA TERSINGKIR
comp.you_in	ANDA DI {0}
comp.you_in_the	ANDA DI {0}
comp.you_through	ANDA LOLOS KE BABAK BERIKUT
comp.you_unplaced	ANDA TAK BERPERINGKAT
firstrun.body	Data game SWOS tidak ditemukan.\n\nOpenSWOS butuh Sensible World of Soccer 96/97 (edisi Amiga).\nDua pilihan - lalu mulai ulang game:\n\n  (a) Taruh image floppy Amiga (*.adf) ke:\n        {0}\n      OpenSWOS mengekstrak yang diperlukan saat mulai berikutnya.\n\n  (b) Sudah punya file game lepas (misal instalasi WHDLoad)?\n      Salin ke:\n        {1}\n\nOpsional: taruh folder DATA PC (DOS) ke 'original_swos_pc/' untuk\ndaftar tim sedikit lebih besar - tidak wajib, dan tak mengubah grafik.\n\nEdisi SWOS lama (94/95 dll.) TIDAK kompatibel.
menu.team_coach_div	PELATIH {0}   DIV {1}
menu.team_div	DIV {0}
menu.versus	  V
nation.continent_africa	AFRIKA
nation.continent_asia	ASIA
nation.continent_europe	EROPA
nation.continent_north_america	AMERIKA UTARA
nation.continent_oceania	OSEANIA
nation.continent_south_america	AMERIKA SELATAN
nav.hint_menu	ATAS/BAWAH PILIH   TEMBAK OK   ESC KEMBALI
nav.hint_picker	ATAS/BAWAH GULIR   TEMBAK PILIH   ESC BATAL
nav.hint_picker_cols	ATAS/BAWAH GULIR   KIRI/KANAN KOLOM   TEMBAK PILIH   ESC BATAL
nav.hint_stepper	ATAS/BAWAH PILIH   KIRI/KANAN UBAH   TEMBAK OK   ESC KEMBALI
nav.hint_table	ATAS/BAWAH BARIS   TEMBAK OK   ESC KEMBALI
opt.commentator	KOMENTATOR
opt.commentator_hint	KOMENTAR SUARA (SUARA PC SAJA)
opt.display_fullfill	ISI PENUH
opt.display_fullinteger	INTEGER PENUH
opt.display_unknown	?
opt.display_windowed	JENDELA
opt.len_min_whole	{0} MNT NYATA  (SELURUH LAGA)
opt.len_sec_whole	{0}D NYATA  (SELURUH LAGA)
opt.smoothing_sharp	TAJAM
overlay.corner	SEPAK POJOK
overlay.fulltime	WAKTU PENUH
overlay.fulltime_body	WAKTU PENUH\n\n{0}  {1} - {2}  {3}\n\ntekan spasi
overlay.goal	GOL!
overlay.goalkick	SEPAK GAWANG
overlay.halftime	TURUN MINUM
overlay.paused	JEDA\n\nspace  lanjut\nESC    keluar ke menu
overlay.penalties	ADU PENALTI
overlay.throwin	LEMPARAN
pos.a	A
pos.d	D
pos.gk	GK
pos.lb	LB
pos.lw	LW
pos.m	M
pos.none	--
pos.rb	RB
pos.rw	RW
pos.unknown	?
result.away	TANDANG
result.home	KANDANG
result.og	(GB)
result.pen	(PEN)
scout.notice_maxed	SKAUT MAKS
scout.notice_no_money	UANG TAK CUKUP
scout.notice_player_unavailable	PEMAIN TAK TERSEDIA
scout.notice_unavailable	SKAUT TAK TERSEDIA
staff.notice_coach_unavailable	PELATIH TAK TERSEDIA
staff.notice_focus_full	FOKUS PENUH
staff.notice_full	STAF PENUH
staff.notice_no_money	UANG TAK CUKUP
staff.notice_player_unavailable	PEMAIN TAK TERSEDIA
staff.notice_unavailable	STAF TAK TERSEDIA
staff.spec_attack	SERANGAN
staff.spec_defence	PERTAHANAN
staff.spec_general	UMUM
staff.spec_youth	MUDA
# FINANCES (career depth plan feature 1)
dash.finances	KEUANGAN
fin.title	KEUANGAN
fin.show_history	MUSIM DEMI MUSIM
fin.show_sheet	MUSIM INI
fin.no_season	BELUM ADA MUSIM SELESAI
fin.drawn_up	LAPORAN DIBUAT DI AKHIR MUSIM
fin.col_season	MUSIM
fin.col_league	LIGA
fin.col_cup	PIALA
fin.col_income	PENDAPATAN
fin.col_wages	GAJI
fin.col_balance	SALDO
fin.season	MUSIM
fin.league	LIGA
fin.cup	PIALA
fin.home_games	LAGA KANDANG
fin.crowd	PENONTON
fin.row.opening	SALDO AWAL MUSIM:
fin.row.gate	HASIL TIKET:
fin.row.bonuses	BONUS + HAK SIAR TV:
fin.row.sponsor	SPONSOR DARI SENSISOFT PLC:
fin.row.invest	INVESTASI TAMBAHAN KETUA:
fin.row.invest_new	INVESTASI KETUA BARU:
fin.row.wages	GAJI PEMAIN:
fin.row.profit	TOTAL LABA:
fin.row.loss	TOTAL RUGI:
fin.row.closing	SALDO BARU:
fin.row.sales	PENJUALAN PEMAIN:
fin.row.purchases	PEMBELIAN PEMAIN:
# THE CHAIRMAN (career depth plan feature 2)
dash.chairman	PRESIDEN
dash.status_sacked	DIPECAT
chair.title	PRESIDEN
chair.memo	MEMO
chair.none	TIDAK ADA MEMO
chair.memo_header	MEMO DARI PRESIDEN KLUB
chair.memo_sign	PRESIDEN ANDA
chair.earlier	MEMO SEBELUMNYA
opt.board	DIREKSI
opt.board_hint	SEBERAPA CEPAT PRESIDEN MEMECAT ANDA
opt.board_patient	SABAR
opt.board_normal	NORMAL
opt.board_ruthless	KEJAM
chair.verdict0.1	BAGUS %a, ANDA BEKERJA SANGAT BAIK
chair.verdict0.2	MUSIM INI DAN KAMI SEMUA MENGHARGAINYA
chair.verdict1.1	MUSIM YANG BAIK %a, KAMI SEMUA SANGAT
chair.verdict1.2	PUAS, TERUSKAN KERJA BAGUS INI
chair.verdict2.1	MUSIM NAIK TURUN %a, KAMI BERHARAP
chair.verdict2.2	ADA PERBAIKAN DALAM WAKTU DEKAT
chair.verdict3.1	MUSIM YANG KURANG BAIK %a, KAMI BERHARAP
chair.verdict3.2	ANDA MEMPERBAIKI HASIL MUSIM DEPAN
chair.verdict4.1	MUSIM YANG SANGAT MENGECEWAKAN %a, KAMI
chair.verdict4.2	MENUNTUT JAUH LEBIH BAIK MUSIM DEPAN
chair.sacked_league.1	DENGAN BERAT HATI DIREKSI DAN SAYA
chair.sacked_league.2	MEMUTUSKAN MEMBEBASTUGASKAN ANDA
chair.not_renewed.1	DENGAN BERAT HATI KAMI MEMUTUSKAN TIDAK
chair.not_renewed.2	MEMPERPANJANG KONTRAK ANDA - SEMOGA SUKSES
chair.not_renewed.3	DAN KAMI BERHARAP BERTEMU LAGI SEGERA
chair.league_note.1	PERHATIKAN POSISI KLASEMEN KAMI DAN
chair.league_note.2	PASTIKAN MEMBAIK SECEPAT MUNGKIN
chair.league_warn.1	INGAT, JIKA POSISI TIDAK SEGERA MEMBAIK
chair.league_warn.2	KAMI HARUS MENINJAU ULANG POSISI ANDA
chair.league_crisis.1	SETELAH MOSI PERCAYA, ANDA PUNYA MAKSIMAL
chair.league_crisis.2	3 LAGA UNTUK BANGKIT ATAU ANDA DIPECAT
chair.money_note.1	PERHATIKAN SALDO BANK KAMI DAN
chair.money_note.2	PASTIKAN DEFISIT DITUTUP SECEPAT MUNGKIN
chair.money_warn.1	SEKADAR PENGINGAT SOAL DEFISIT
chair.money_warn.2	JIKA TIDAK KAMI TINJAU ULANG POSISI ANDA
chair.money_crisis.1	SETELAH RAPAT KRISIS, KAMI MENUNTUT ANDA
chair.money_crisis.2	MENUTUP DEFISIT SEKARANG ATAU DIPECAT
chair.new_season.1	SEKADAR CATATAN, SEMOGA SUKSES DI
chair.new_season.2	MUSIM BARU
chair.embargo_buy.1	MAAF %a, KLUB TIDAK BERSEDIA
chair.embargo_buy.2	MEMBELI PEMAIN LAGI MUSIM INI
chair.embargo_sell.1	PERHATIKAN %a BAHWA KAMI TIDAK MENGIZINKAN
chair.embargo_sell.2	PENJUALAN PEMAIN LAGI MUSIM INI
chair.sacked_money.1	DENGAN BERAT HATI DIREKSI DAN SAYA
chair.sacked_money.2	MEMUTUSKAN MEMBEBASTUGASKAN ANDA
# JOB OFFERS (career depth plan feature #3)
job.title	TAWARAN PEKERJAAN
job.none	TIDAK ADA TAWARAN
job.offer	TAWARAN
job.accept	TERIMA
job.decline	TOLAK
job.declined	TAWARAN DITOLAK
job.not_available	TAWARAN TIDAK TERSEDIA
job.signed_prefix	SEPAKAT DENGAN
job.new_job	PEKERJAAN BARU
job.reputation	REPUTASI
job.rep_world	KELAS DUNIA
job.rep_high	SANGAT DIHARGAI
job.rep_good	DIHORMATI
job.rep_known	DIKENAL
job.rep_unproven	BELUM TERUJI
job.rep_unwanted	TIDAK DIINGINKAN
job.division	DIVISI
job.squad	SKUAD
job.letter_header	TAWARAN KERJA DARI %a
job.letter.1	YANG TERHORMAT
job.letter.2	KAMI DI %a INGIN MENAWARKAN ANDA
job.letter.3	POSISI PELATIH UNTUK MUSIM DEPAN
job.letter.4	KAMI MENAWARKAN GAJI YANG SANGAT BAIK DAN
job.letter.5	KAMI BERHARAP DAPAT MENYEDIAKAN DANA
job.letter.6	SEKITAR %b UNTUK MEMPERKUAT TIM
job.letter.7	KAMI MENANTIKAN JAWABAN ANDA
job.accepted_note	ANDA MENERIMA - PINDAH PADA MUSIM DEPAN
job.waiting_prefix	MEREKA MENUNGGU
job.waiting_suffix	PERTANDINGAN LAGI
job.accepted.1	KAMI DI %a SENANG BAHWA ANDA
job.accepted.2	MENERIMA POSISI PELATIH DI KLUB KAMI
job.accepted.3	MULAI AWAL MUSIM DEPAN
job.farewell.1	TERIMA KASIH ATAS SEGALANYA %a, KAMI
job.farewell.2	MENDOAKAN SUKSES DI TEMPAT BARU
job.welcome.1	SELAMAT DATANG %a, KAMI MENANTIKAN
job.welcome.2	BANYAK SUKSES DARI KERJA SAMA BARU INI
job.withdrawn.1	TAWARAN KERJA DARI %a DITARIK
# board expectation line (feature #2 follow-up)
chair.expected	DEWAN MENGHARAPKAN
chair.of	DARI
chair.finished	SELESAI
chair.expects	DEWAN MENGHARAPKAN
# NATIONAL TEAM JOB (career depth plan feature #4)
natjob.entry	TIM NASIONAL
natjob.entry_offer	TAWARAN PEKERJAAN INTERNASIONAL
natjob.title	TIM NASIONAL
natjob.title_offer	TAWARAN PEKERJAAN INTERNASIONAL
natjob.player	PEMAIN
natjob.add	TAMBAH PEMAIN
natjob.remove	HAPUS PEMAIN
natjob.auto	PILIH OTOMATIS
natjob.resign	MUNDUR
natjob.full	SKUAD PENUH
natjob.appointed	PELATIH
natjob.none	TIDAK ADA JABATAN INTERNASIONAL
natjob.no_players	TIDAK ADA PEMAIN
natjob.squad_word	SKUAD
natjob.rating	NILAI
natjob.home	DALAM NEGERI
natjob.abroad	LUAR NEGERI
natjob.col_name	NAMA
natjob.col_pos	POS
natjob.col_ovr	NIL
natjob.col_where	DIMANA
natjob.col_club	KLUB
natjob.letter_header	TAWARAN PEKERJAAN INTERNASIONAL DARI %a
natjob.offer.1	PARA ANGGOTA KOMITE SEPAK BOLA
natjob.offer.2	%a INGIN MENAWARKAN ANDA POSISI
natjob.offer.3	PELATIH TIM NASIONAL
natjob.offer.4	KAMI MENJANJIKAN GAJI YANG SANGAT BAIK DAN
natjob.offer.5	KONTRAK YANG DITINJAU SETIAP TAHUN
natjob.offer.6	KAMI MENANTIKAN JAWABAN ANDA
natjob.accepted.1	PARA ANGGOTA KOMITE SEPAK BOLA
natjob.accepted.2	%a SENANG BAHWA ANDA TELAH
natjob.accepted.3	MENERIMA POSISI PELATIH TIM NASIONAL
natjob.ended.1	PARA ANGGOTA KOMITE SEPAK BOLA
natjob.ended.2	%a MEMUTUSKAN TIDAK MEMPERPANJANG
natjob.ended.3	KONTRAK TAHUNAN ANDA
# TOP SCORERS (career depth plan feature #5) + PLEASE WAIT
busy.title	MOHON TUNGGU
busy.new_career	MEMBANGUN DUNIA
busy.next_season	MUSIM PANAS BERJALAN
dash.scorers	TOP SKOR
scorer.title	DAFTAR TOP SKOR
scorer.view	DAFTAR
scorer.page	HALAMAN
scorer.view_comp	KOMPETISI
scorer.view_club	KLUB SAYA
scorer.view_history	MUSIM DEMI MUSIM
scorer.leading	PENCETAK GOL TERBANYAK KOMPETISI
scorer.goals	GOL
scorer.own_goals	GOL BUNUH DIRI
scorer.ex_player	GOL MANTAN PEMAIN
scorer.career_total	TOTAL KARIER
scorer.season	MUSIM
scorer.season_top	TOP SKOR MUSIM INI
scorer.season_top_plural	TOP SKOR MUSIM INI
scorer.no_goals	BELUM ADA GOL MUSIM INI
scorer.no_seasons	BELUM ADA MUSIM YANG SELESAI
# CAREER DASHBOARD SECTIONS (3-column layout)
dash.sec_match	PERTANDINGAN
dash.sec_team	TIM
dash.sec_club	KLUB
dash.sec_game	PERMAINAN
nav.hint_cols	ATAS/BAWAH PILIH   KIRI/KANAN KOLOM   TEMBAK OK   ESC KEMBALI
