key	ms
# COMMON
common.back	KEMBALI
common.continue	TERUSKAN
common.cancel	BATAL
common.ok	OK
common.on	HIDUP
common.off	MATI
common.na	N/A
common.none	TIADA
common.versus	V
common.page	HAL
common.previous_page	HAL SEBELUM
common.next_page	HAL BERIKUT
common.no_career_data	TIADA DATA KERJAYA
common.no_squad_data	TIADA DATA SKUAD
common.player_not_available	PEMAIN TIADA
common.player	PEMAIN
common.budget	BAJET
common.sort	SUSUN
common.sort_by	SUSUN IKUT
common.value	NILAI
common.skill	KEMAHIRAN
common.age	UMUR
common.money_thousands_suffix	K
common.money_millions_suffix	M
# TABLE COLUMN HEADERS
col.pos	POS
col.team	PSK
col.name	NAMA
col.number	NO
col.number_hash	#
col.p	P
col.w	M
col.d	S
col.l	K
col.gf	GM
col.ga	GT
col.pts	MT
col.skl	KMH
col.skill	KMH
col.pot	POT
col.sta	STA
col.form	F
col.fit	FIT
col.val	NLI
col.nat	NEG
col.club	KELAB
col.price	HRG
col.spec	PKR
col.quality	K
col.wage	GAJI
col.fee	FI
col.amount	JML
col.exp	TMT
col.skill_row	HT TK TB KP KW LJ PN
# HOME
home.title	O P E N   S W O S
home.play_match	MAIN PERLAWANAN
home.competitions	PERTANDINGAN
home.multiplayer	MULTIPLAYER
home.team_setup	TETAPAN PASUKAN
home.options	PILIHAN
home.career	KERJAYA
home.exit	KELUAR
home.credit	OLEH GRZEGORZ KORYCKI
home.continue_prefix	SAMBUNG:
# QUIT
quit.title	KELUAR
quit.are_you_sure	ANDA PASTI?
quit.quit_to_windows	KELUAR KE WINDOWS
quit.return_to_game	KEMBALI KE PERMAINAN
# FRIENDLY
friendly.title	PERLAWANAN MESRA
friendly.home	TUAN RUMAH
friendly.away	PELAWAT
friendly.swap_teams	TUKAR PASUKAN
friendly.pitch	PADANG
friendly.opponent	LAWAN
friendly.half_length	TEMPOH SEPARUH
friendly.game_speed	KELAJUAN PERMAINAN
friendly.kick_off	SEPAK MULA
friendly.context	MESRA
# VERSUS
versus.play	MAIN
versus.view_result	LIHAT KEPUTUSAN
# STADIUM
stadium.title	PASUKAN
stadium.kick_off	SEPAK MULA
stadium.edit_lineup	UBAH BARISAN
# OPTIONS
opt.title	PILIHAN
opt.page	HAL
opt.language	BAHASA
opt.half_length	TEMPOH SEPARUH
opt.game_speed	KELAJUAN PERMAINAN
opt.opponent	LAWAN
opt.pitch	PADANG
opt.skill_scaling	SKALA KEMAHIRAN
opt.skill_scaling_hint	SKALA KEMAHIRAN HARGA PEMAIN SWOS SEBENAR
opt.all_teams_equal	SEMUA PASUKAN SAMA
opt.all_teams_equal_hint	SAMAKAN KEKUATAN PASUKAN PEMAIN
opt.pre_match_menus	MENU PRA PERLAWANAN
opt.player_fatigue	KELETIHAN PEMAIN
opt.energy_bar	BAR TENAGA
opt.music	MUZIK
opt.music_hint	MUZIK MENU AMIGA / PC / TERSUAI
opt.sound	BUNYI
opt.sound_hint	BUNYI PERLAWANAN PC ATAU AMIGA
opt.display	PAPARAN
opt.display_hint	F11 KITAR  ALT+ENTER TOGOL SKRIN PENUH
# OPTION VALUES
val.pitch_none	(TIADA)
val.pitch_random	RAWAK
val.opponent_ai	AI
val.opponent_player2	PEMAIN 2  (WASD)
val.opponent_demo	DEMO  (AI V AI)
val.sound_amiga	AMIGA
val.sound_pc	PC
val.music_custom	TERSUAI
val.music_off	MATI
val.length_whole_match_seconds	%dS SEBENAR  (SELURUH PERLAWANAN)
val.length_whole_match_minutes	%d MIN SEBENAR  (SELURUH PERLAWANAN)
val.display_windowed	TETINGKAP
val.display_full_fill	ISI PENUH
val.display_full_integer	INTEGER PENUH
# LOCAL MULTIPLAYER
mp.title	MULTIPLAYER SETEMPAT
mp.controls_hint	PEMAIN 1: ANAK PANAH+SPACE   PEMAIN 2: WASD+SHIFT
mp.start	MULA PERLAWANAN 2 PEMAIN
# PICKERS
pick.continent	BENUA
pick.country	NEGARA
pick.your_team	PASUKAN ANDA
pick.all_countries	SEMUA NEGARA
pick.all	SEMUA
pick.select_country	PILIH NEGARA
pick.select_continent	PILIH BENUA
pick.select_your_team	PILIH PASUKAN ANDA
pick.home_team	PASUKAN TUAN RUMAH
pick.away_team	PASUKAN PELAWAT
pick.nothing_to_choose	TIADA PILIHAN
pick.item	ITEM
pick.more_down	LAGI v
# DRAW CEREMONY
draw.title_suffix	CABUTAN
# PLAY AGAIN
playagain.title	MASA PENUH
playagain.play_again	MAIN LAGI
playagain.exit	KELUAR
# COMPETITIONS HUB
comp.title	PERTANDINGAN
comp.new_league	LIGA BARU
comp.new_cup	PIALA BARU
comp.new_tournament	KEJOHANAN BARU
comp.preset_competition	PERTANDINGAN SEDIA ADA
comp.new_career	KERJAYA BARU
comp.load_game	MUAT PERMAINAN
# LEAGUE / CUP / TOURNAMENT SETUP
setup.league_title	LIGA BARU
setup.cup_title	PIALA BARU
setup.tournament_title	KEJOHANAN BARU
setup.size	SAIZ
setup.teams_suffix	PASUKAN
setup.entrants	PESERTA
setup.entrants_same_division	DIVISYEN SAMA
setup.entrants_same_nation	NEGARA SAMA
setup.entrants_random	RAWAK
setup.rounds	PUSINGAN
setup.rounds_single	SEKALI
setup.rounds_double	DUA KALI
setup.groups	KUMPULAN
setup.groups_of_4_suffix	KUMPULAN 4
setup.create_league	CIPTA LIGA
setup.create_cup	CIPTA PIALA
setup.create_tournament	CIPTA KEJOHANAN
# CAREER SETUP
career.title	KERJAYA BARU
career.blurb_seasons	LIGA DAN PIALA TEMPATAN SETIAP MUSIM
career.blurb_promotion	MENANG LIGA UNTUK NAIK, DUDUK AKHIR TURUN
career.start	MULA KERJAYA
# MANAGER NAME ENTRY
mgr.title	NAMA PENGURUS
mgr.hint	TAIP NAMA   KIRI/KANAN GELARAN   ENTER OK   ESC BATAL
mgr.title_row	GELARAN
mgr.title_mr	EN
mgr.title_ms	CIK
mgr.default_name	PEMAIN
# COMPETITION DASHBOARD
dash.play_next_match	MAIN SETERUSNYA
dash.continue	TERUSKAN
dash.next_season	MUSIM SETERUSNYA
dash.table	JADUAL
dash.fixtures	PERLAWANAN
dash.squad	SKUAD
dash.lineup	BARISAN
dash.transfers	PEMINDAHAN
dash.staff	KAKITANGAN
dash.scouting	TINJAUAN
dash.record	REKOD
dash.save_as	SIMPAN SEBAGAI
dash.retire	BERSARA
dash.abandon	TINGGALKAN
dash.management_record	REKOD PENGURUSAN
dash.status_retired	BERSARA
dash.status_champions	JUARA:
dash.status_eliminated	TERSINGKIR
dash.offers_prefix	TAWARAN
dash.offers_unseen_mark	!
# NEXT MATCH / VIEW RESULT
next.title	PERLAWANAN SETERUSNYA
result.title	MASA PENUH
result.label	KEPUTUSAN
# MANAGEMENT RECORD
mrec.title	REKOD PENGURUSAN
mrec.title_of_prefix	REKOD PENGURUSAN OLEH
mrec.career_over	KERJAYA TAMAT
mrec.season	MUSIM
mrec.div	DIV
mrec.trophies	TROFI
mrec.none_yet	BELUM ADA
mrec.history	SEJARAH
mrec.first_season	MUSIM PERTAMA BERLANGSUNG
# RETIRE CONFIRM
retire.title	BERSARA
retire.prompt	BERSARA DARI PENGURUSAN?
retire.confirm	BERSARA
# PRESET COMPETITIONS
preset.title	PERTANDINGAN SEDIA ADA
preset.blurb	PERTANDINGAN SEBENAR DENGAN PESERTA SEBENAR
preset.european_cup	PIALA EROPAH
preset.uefa_cup	PIALA UEFA
preset.cup_winners_cup	PIALA PEMENANG PIALA
preset.world_cup	PIALA DUNIA
preset.european_championship	KEJOHANAN EROPAH
preset.copa_america	COPA AMERICA
preset.team_knockout_suffix	PASUKAN KALAH MATI
preset.groups_then_knockout_suffix	KUMPULAN 4 KEMUDIAN KALAH MATI
preset.create	CIPTA
# SAVE AS / LOAD GAME
save.title	SIMPAN SEBAGAI
save.hint	TAIP NAMA SLOT   ENTER OK   ESC BATAL
save.saved_as_prefix	DISIMPAN SEBAGAI
load.title	MUAT PERMAINAN
load.delete_mode	MOD PADAM
load.no_saved_games	TIADA SIMPANAN
# STANDINGS / FIXTURES
table.title	JADUAL
table.group	KUMPULAN
fixtures.title	PERLAWANAN
# TEAM SETUP
teamcfg.title	TETAPAN PASUKAN
teamcfg.team	PASUKAN
teamcfg.team_home_prefix	TUAN RUMAH
teamcfg.team_away_prefix	PELAWAT
teamcfg.switch_home_away	TUKAR RUMAH / PELAWAT
teamcfg.coach	JURULATIH
# COMPETITION ENGINE
stage.league	LIGA
stage.group_prefix	KUMPULAN
stage.final	AKHIR
stage.semi_final	SEPARUH AKHIR
stage.quarter_final	SUKU AKHIR
stage.round_of_16	PUSINGAN 16
stage.round_of_32	PUSINGAN 32
stage.round_of_prefix	PUSINGAN
stage.cup_prefix	PIALA
round.league_round	LIGA - PUSINGAN
round.competition_complete	PERTANDINGAN TAMAT
round.no_fixtures	TIADA PERLAWANAN
status.no_player_team	TIADA PASUKAN PEMAIN
status.you_are_champion	ANDA JUARA
status.you_are_prefix	ANDA
status.you_are_unplaced	ANDA TIADA KEDUDUKAN
status.you_were_eliminated	ANDA TERSINGKIR
status.you_are_through	ANDA LAYAK KE PUSINGAN SETERUSNYA
status.you_are_in_prefix	ANDA DALAM
status.you_are_in_the_prefix	ANDA DI
ord.st	ST
ord.nd	ND
ord.rd	RD
ord.th	TH
season.cup_winner	JUARA
season.cup_runner_up	NAIB JUARA
season.cup_out_in_prefix	TERSINGKIR DI
season.cup_out	TERSINGKIR
season.trophy_league	JUARA LIGA MUSIM %d
season.trophy_cup	JUARA PIALA MUSIM %d
season.history_line	S%d: LIGA %s, PIALA %s
season.history_retired	S%d: BERSARA
fixture.penalties_mark	P
# CAREER SQUAD
squad.title_suffix	SKUAD
squad.default_club	KELAB
squad.player_action	TINDAKAN PEMAIN
squad.no_player_selected	TIADA PEMAIN DIPILIH
squad.fit_injured	CDR
# PLAYER ACTION
paction.value_prefix	NILAI
paction.time_to_negotiate	MASA RUNDING
paction.take_off_list	KELUAR DARI SENARAI
paction.put_on_list	MASUK SENARAI PINDAH
paction.give_free_transfer	BERI PINDAH PERCUMA
paction.off_list_prefix	KELUAR SENARAI
paction.listed_prefix	DISENARAI
paction.list_full_prefix	SENARAI PENUH (MAX
# FREE TRANSFER
free.title	PINDAH PERCUMA
free.confirm_prompt	LEPASKAN %s PERCUMA?
free.release	LEPASKAN
free.released_prefix	DILEPASKAN
free.squad_too_small	SKUAD TERLALU KECIL
free.release_failed	GAGAL LEPASKAN
# LINEUP EDITOR
lineup.title	BARISAN PASUKAN
lineup.auto	AUTO
lineup.hint	ATAS/BAWAH BARIS   FIRE PILIH/TUKAR   ESC KEMBALI
lineup.picked_prefix	DIPILIH
lineup.picked_swap_hint	- FIRE BARIS UNTUK TUKAR
lineup.unmarked_prefix	NYAHTANDA
lineup.slot_not_available	SLOT TIADA
lineup.goal_needs_keeper	SLOT GOL PERLU PENJAGA
lineup.swapped_prefix	DITUKAR
lineup.swapped_and	DAN
lineup.auto_restored	BARISAN AUTO DIPULIH
lineup.auto_label	BARISAN AUTO
lineup.custom_label	BARISAN TERSUAI
lineup.slot	SLOT
lineup.slot_gk	PG
lineup.slot_sub	GNT
# STAFF
staff.title	KAKITANGAN
staff.coach	JURULATIH
staff.fire_selected	PECAT DIPILIH
staff.hire_coach	AMBIL JURULATIH
staff.training_focus	FOKUS LATIHAN
staff.no_coach_selected	TIADA JURULATIH DIPILIH
staff.no_coaches	TIADA JURULATIH
# FIRE COACH
firecoach.title	PECAT JURULATIH
firecoach.coach_not_available	JURULATIH TIADA
firecoach.severance_prefix	PAMPASAN
firecoach.fire	PECAT
firecoach.fired_prefix	DIPECAT
# HIRE COACH
hire.title	AMBIL JURULATIH
hire.candidate	CALON
hire.hire	AMBIL
hire.hired_prefix	DIAMBIL
# TRAINING FOCUS
focus.title	FOKUS LATIHAN
focus.toggle	TOGOL FOKUS
focus.removed_prefix	DIBUANG
focus.focused_prefix	DIFOKUS
focus.max_prefix	MAX
focus.max_suffix	PEMAIN FOKUS
focus.mark	*
# SCOUTING
scout.title	TINJAUAN
scout.scout_player	TINJAU PEMAIN
scout.improve_prefix	TINGKATKAN TINJAUAN
scout.maxed	TINJAUAN MAKS
scout.unavailable	TINJAUAN TIADA
scout.quality_prefix	KUALITI TINJAU
scout.no_watched	TIADA PEMAIN DIPANTAU
scout.scout_selected	TINJAU DIPILIH
scout.scout_prefix	TINJAU
scout.scouted_prefix	DITINJAU
scout.cost_prefix	KOS
scout.no_players_available	TIADA PEMAIN
# TRANSFER MARKET
market.title	PASARAN PINDAH
market.max_price	HARGA MAX
market.buy_selected	BELI DIPILIH
market.no_player_selected	TIADA PEMAIN DIPILIH
market.free_agent	AGEN BEBAS
market.club_fallback_prefix	KELAB
market.price_any	SEMUA
market.price_100k	<100K
market.price_250k	<250K
market.price_500k	<500K
market.price_1m	<1M
market.price_2m	<2M
market.price_5m	<5M
market.price_10m	<10M
market.price_over_10m	>=10M
# BUY / NEGOTIATION
buy.title	BELI PEMAIN
buy.asking_prefix	MINTA
buy.your_bid	TAWARAN ANDA
buy.make_bid	BUAT TAWARAN
buy.club_unwilling	KELAB ENGGAN BELI PEMAIN
buy.no_time	TIADA MASA RUNDING LAGI
buy.enter_a_bid	MASUKKAN TAWARAN
buy.not_enough_money	WANG TAK CUKUP
buy.bought_prefix	DIBELI
buy.squad_full	SKUAD PENUH
buy.transfer_failed	PINDAH GAGAL
buy.counter_prefix	MEREKA BALAS PADA
buy.rejected	TAWARAN RENDAH - DITOLAK
# INCOMING OFFERS
offers.title	TAWARAN PINDAH
offers.no_offers	TIADA TAWARAN
offers.offer	TAWARAN
offers.accept	TERIMA
offers.demand_more	MINTA LEBIH
offers.reject	TOLAK
offers.header_negotiate_prefix	MASA RUNDING
offers.header_sells	JUAL
offers.not_available	TAWARAN TIADA
offers.sold_prefix	DIJUAL
offers.sold_for	PADA
offers.squad_too_small	SKUAD TERLALU KECIL
offers.accept_failed	GAGAL TERIMA
offers.improved_prefix	DINAIKKAN KE
offers.withdrawn	TAWARAN DITARIK
offers.refused	MEREKA ENGGAN BAYAR LEBIH
offers.rejected	TAWARAN DITOLAK
# MATCH HUD / OVERLAYS
hud.half_time	SEPARUH MASA
hud.full_time	MASA PENUH
hud.penalties	PENALTI
hud.paused	JEDA
hud.pause_resume_hint	space  sambung
hud.pause_quit_hint	ESC    keluar ke menu
hud.goal	GOL!
hud.throw_in	LONTARAN
hud.corner	SEPAK SUDUT
hud.goal_kick	SEPAK GOL
hud.press_space	tekan space
hud.team_home_fallback	TUAN RUMAH
hud.team_away_fallback	PELAWAT
goal.type_penalty	(PEN)
goal.type_own_goal	(GS)
# S34 additions
bench.coach	JURULATIH
bench.coming_on	MASUK: {0}
bench.fire_swap	TEMBAK PILIH+PILIH = TUKAR
bench.formation	FORMASI
bench.formation_colon	FORMASI:
bench.help_leave	KIRI/KANAN TINGGAL BANGKU
bench.help_select	ATAS/BWH PILIH  TEMBAK OK
bench.hold_mark	TAHAN TEMBAK = TANDA PEMAIN
bench.player_off	PEMAIN KELUAR:
bench.sub_in_progress	PERTUKARAN BERJALAN...
bench.swap_formation	TUKAR / FORMASI:
bench.tag_inj	 CDR
bench.tag_off	 [KLR]
bench.tag_sub	 [TKR]
bench.title	BANGKU - {0}
bench.user	PENGGUNA {0}
career.dash_div_season	DIV {0}  MUSIM {1}
career.price_any	SEMUA
career.rec_pwdl	P {0}   W {1}   D {2}   L {3}   GF {4}   GA {5}
career.rec_season_div	MUSIM {0}  {1}  DIV {2}
career.release_confirm	LEPASKAN {0} PERCUMA?
career.skill_letters	PVHTCSF
career.title_mr	EN
career.title_ms	PN
comp.competition_complete	PERTANDINGAN TAMAT
comp.cup	PIALA
comp.entrants_random	RAWAK
comp.entrants_same_div	DIV SAMA
comp.entrants_same_nation	NEGARA SAMA
comp.league_round	LIGA - PUSINGAN {0}/{1}
comp.name_career	KERJAYA
comp.name_cup	PIALA
comp.name_league	LIGA
comp.name_tournament	KEJOHANAN
comp.no_fixtures	TIADA JADUAL
comp.no_player_team	TIADA PASUKAN PEMAIN
comp.ord_nd	.
comp.ord_rd	.
comp.ord_st	.
comp.ord_th	.
comp.preset_copa_america	COPA AMERICA
comp.preset_cup_winners_cup	PIALA JUARA PIALA
comp.preset_european_championship	KEJOHANAN EROPAH
comp.preset_european_cup	PIALA EROPAH
comp.preset_uefa_cup	PIALA UEFA
comp.preset_world_cup	PIALA DUNIA
comp.slot_finished	TAMAT
comp.slot_no_team	TIADA PASUKAN
comp.slot_round	PUSINGAN {0}/{1}
comp.slot_winner	PEMENANG {0}
comp.stage_final	AKHIR
comp.stage_group	KUMPULAN
comp.stage_league	LIGA
comp.stage_quarter	SUKU AKHIR
comp.stage_r16	PUSINGAN 16
comp.stage_r32	PUSINGAN 32
comp.stage_round_of	PUSINGAN
comp.stage_semi	SEPARUH AKHIR
comp.you_are_pos	ANDA {0}
comp.you_champion	ANDA JUARA
comp.you_eliminated	ANDA TERSINGKIR
comp.you_in	ANDA DI {0}
comp.you_in_the	ANDA DI {0}
comp.you_through	ANDA MELEPASI KE PUSINGAN SETERUSNYA
comp.you_unplaced	ANDA TANPA KEDUDUKAN
firstrun.body	Data permainan SWOS tidak dijumpai.\n\nOpenSWOS perlu Sensible World of Soccer 96/97 (edisi Amiga).\nDua pilihan - kemudian mulakan semula permainan:\n\n  (a) Letak imej cakera liut Amiga (*.adf) ke:\n        {0}\n      OpenSWOS mengekstrak apa yang perlu pada mula seterusnya.\n\n  (b) Sudah ada fail permainan longgar (cth. pemasangan WHDLoad)?\n      Salin ke:\n        {1}\n\nPilihan: letak folder DATA PC (DOS) ke 'original_swos_pc/' untuk\nsenarai pasukan lebih besar sedikit - tak wajib, tak ubah grafik.\n\nEdisi SWOS lama (94/95 dsb.) TIDAK serasi.
menu.team_coach_div	JURULATIH {0}   DIV {1}
menu.team_div	DIV {0}
menu.versus	  V
nation.continent_africa	AFRIKA
nation.continent_asia	ASIA
nation.continent_europe	EROPAH
nation.continent_north_america	AMERIKA UTARA
nation.continent_oceania	OSEANIA
nation.continent_south_america	AMERIKA SELATAN
nav.hint_menu	ATAS/BAWAH PILIH   TEMBAK OK   ESC KEMBALI
nav.hint_picker	ATAS/BAWAH SKROL   TEMBAK PILIH   ESC BATAL
nav.hint_picker_cols	ATAS/BAWAH SKROL   KIRI/KANAN LAJUR   TEMBAK PILIH   ESC BATAL
nav.hint_stepper	ATAS/BAWAH PILIH   KIRI/KANAN UBAH   TEMBAK OK   ESC KEMBALI
nav.hint_table	ATAS/BAWAH BARIS   TEMBAK OK   ESC KEMBALI
opt.commentator	KOMENTATOR
opt.commentator_hint	KOMENTAR SUARA (BUNYI PC SAHAJA)
opt.display_fullfill	ISI PENUH
opt.display_fullinteger	INTEGER PENUH
opt.display_unknown	?
opt.display_windowed	TETINGKAP
opt.len_min_whole	{0} MIN SEBENAR  (SEPANJANG PERLAWANAN)
opt.len_sec_whole	{0}S SEBENAR  (SEPANJANG PERLAWANAN)
opt.smoothing_sharp	TAJAM
overlay.corner	SEPAK PENJURU
overlay.fulltime	MASA PENUH
overlay.fulltime_body	MASA PENUH\n\n{0}  {1} - {2}  {3}\n\ntekan space
overlay.goal	GOL!
overlay.goalkick	SEPAKAN GAWANG
overlay.halftime	SEPARUH MASA
overlay.paused	JEDA\n\nspace  sambung\nESC    keluar ke menu
overlay.penalties	PENALTI
overlay.throwin	BALING MASUK
pos.a	A
pos.d	D
pos.gk	GK
pos.lb	LB
pos.lw	LW
pos.m	M
pos.none	--
pos.rb	RB
pos.rw	RW
pos.unknown	?
result.away	PELAWAT
result.home	TUAN RUMAH
result.og	(GS)
result.pen	(PEN)
scout.notice_maxed	PENGINTIP MAKS
scout.notice_no_money	DUIT TAK CUKUP
scout.notice_player_unavailable	PEMAIN TIADA
scout.notice_unavailable	PENGINTIP TIADA
staff.notice_coach_unavailable	JURULATIH TIADA
staff.notice_focus_full	FOKUS PENUH
staff.notice_full	STAF PENUH
staff.notice_no_money	DUIT TAK CUKUP
staff.notice_player_unavailable	PEMAIN TIADA
staff.notice_unavailable	STAF TIADA
staff.spec_attack	SERANGAN
staff.spec_defence	PERTAHANAN
staff.spec_general	UMUM
staff.spec_youth	REMAJA
# FINANCES (career depth plan feature 1)
dash.finances	KEWANGAN
fin.title	KEWANGAN
fin.show_history	MUSIM DEMI MUSIM
fin.show_sheet	MUSIM INI
fin.no_season	TIADA MUSIM SELESAI
fin.drawn_up	AKAUN DISEDIAKAN DI AKHIR MUSIM
fin.col_season	MUSIM
fin.col_league	LIGA
fin.col_cup	PIALA
fin.col_income	PENDAPATAN
fin.col_wages	GAJI
fin.col_balance	BAKI
fin.season	MUSIM
fin.league	LIGA
fin.cup	PIALA
fin.home_games	PERLAWANAN KANDANG
fin.crowd	PENONTON
fin.row.opening	BAKI AWAL MUSIM:
fin.row.gate	KUTIPAN TIKET:
fin.row.bonuses	BONUS + HAK TV:
fin.row.sponsor	PENAJAAN SENSISOFT PLC:
fin.row.invest	PELABURAN TAMBAHAN PENGERUSI:
fin.row.invest_new	PELABURAN PENGERUSI BARU:
fin.row.wages	GAJI PEMAIN:
fin.row.profit	JUMLAH UNTUNG:
fin.row.loss	JUMLAH RUGI:
fin.row.closing	BAKI BARU:
fin.row.sales	JUALAN PEMAIN:
fin.row.purchases	BELIAN PEMAIN:
# THE CHAIRMAN (career depth plan feature 2)
dash.chairman	PRESIDEN
dash.status_sacked	DIPECAT
chair.title	PRESIDEN
chair.memo	MEMO
chair.none	TIADA MEMO
chair.memo_header	MEMO DARIPADA PRESIDEN KELAB
chair.memo_sign	PRESIDEN ANDA
chair.earlier	MEMO TERDAHULU
opt.board	LEMBAGA
opt.board_hint	SEBERAPA CEPAT PRESIDEN MEMECAT ANDA
opt.board_patient	SABAR
opt.board_normal	BIASA
opt.board_ruthless	KEJAM
chair.verdict0.1	SYABAS %a, ANDA MELAKUKAN KERJA YANG
chair.verdict0.2	SANGAT BAIK MUSIM INI DAN KAMI HARGAI
chair.verdict1.1	MUSIM YANG BAIK %a, KAMI SEMUA AMAT
chair.verdict1.2	BERPUAS HATI, TERUSKAN
chair.verdict2.1	MUSIM TURUN NAIK %a, KAMI BERHARAP
chair.verdict2.2	ADA PENAMBAHBAIKAN TIDAK LAMA LAGI
chair.verdict3.1	MUSIM KURANG BAIK %a, KAMI BERHARAP
chair.verdict3.2	ANDA PERBAIKI PRESTASI MUSIM DEPAN
chair.verdict4.1	MUSIM AMAT MENGECEWAKAN %a, KAMI MENUNTUT
chair.verdict4.2	JAUH LEBIH BAIK MUSIM DEPAN
chair.sacked_league.1	DENGAN DUKACITA LEMBAGA DAN SAYA
chair.sacked_league.2	TELAH MEMUTUSKAN UNTUK MELEPASKAN ANDA
chair.not_renewed.1	DENGAN DUKACITA KAMI MEMUTUSKAN UNTUK TIDAK
chair.not_renewed.2	MEMBAHARUI KONTRAK ANDA - SEMOGA BERJAYA
chair.not_renewed.3	DAN KAMI BERHARAP BERTEMU LAGI TIDAK LAMA LAGI
chair.league_note.1	AMBIL PERHATIAN KEDUDUKAN LIGA KAMI DAN
chair.league_note.2	PASTIKAN IA DIPERBAIKI SECEPAT MUNGKIN
chair.league_warn.1	INGAT, JIKA KEDUDUKAN TIDAK SEGERA BAIK
chair.league_warn.2	KAMI TERPAKSA MENILAI SEMULA JAWATAN ANDA
chair.league_crisis.1	SELEPAS UNDI PERCAYA, ANDA ADA PALING BANYAK
chair.league_crisis.2	3 PERLAWANAN UNTUK PULIH ATAU ANDA DIPECAT
chair.money_note.1	AMBIL PERHATIAN BAKI BANK KAMI DAN
chair.money_note.2	PASTIKAN DEFISIT DILANGSAIKAN SECEPAT MUNGKIN
chair.money_warn.1	SEKADAR PERINGATAN TENTANG DEFISIT
chair.money_warn.2	JIKA TIDAK KAMI NILAI SEMULA JAWATAN ANDA
chair.money_crisis.1	SELEPAS MESYUARAT KRISIS, KAMI MENUNTUT ANDA
chair.money_crisis.2	LANGSAIKAN DEFISIT SEGERA ATAU DIPECAT
chair.new_season.1	SEKADAR NOTA, SEMOGA BERJAYA DALAM
chair.new_season.2	MUSIM BARU
chair.embargo_buy.1	MAAF %a, KELAB TIDAK BERSEDIA
chair.embargo_buy.2	MEMBELI PEMAIN LAGI MUSIM INI
chair.embargo_sell.1	AMBIL PERHATIAN %a BAHAWA KAMI TIDAK BENARKAN
chair.embargo_sell.2	JUALAN PEMAIN LAGI MUSIM INI
chair.sacked_money.1	DENGAN DUKACITA LEMBAGA DAN SAYA
chair.sacked_money.2	TELAH MEMUTUSKAN UNTUK MELEPASKAN ANDA
# JOB OFFERS (career depth plan feature #3)
job.title	TAWARAN KERJA
job.none	TIADA TAWARAN
job.offer	TAWARAN
job.accept	TERIMA
job.decline	TOLAK
job.declined	TAWARAN DITOLAK
job.not_available	TAWARAN TIADA
job.signed_prefix	BERSETUJU DENGAN
job.new_job	KERJA BARU
job.reputation	REPUTASI
job.rep_world	KELAS DUNIA
job.rep_high	AMAT DIHARGAI
job.rep_good	DIHORMATI
job.rep_known	DIKENALI
job.rep_unproven	BELUM TERBUKTI
job.rep_unwanted	TIDAK DIPERLUKAN
job.division	DIVISYEN
job.squad	SKUAD
job.letter_header	TAWARAN KERJA DARI %a
job.letter.1	TUAN/PUAN YANG DIHORMATI
job.letter.2	KAMI DI %a INGIN MENAWARKAN ANDA
job.letter.3	JAWATAN JURULATIH UNTUK MUSIM HADAPAN
job.letter.4	KAMI MENAWARKAN GAJI YANG SANGAT BAIK DAN
job.letter.5	KAMI BERHARAP DAPAT MENYEDIAKAN DANA
job.letter.6	SEKITAR %b UNTUK MEMPERKUKUH PASUKAN
job.letter.7	KAMI MENANTIKAN JAWAPAN ANDA
job.accepted_note	ANDA TELAH SETUJU - PERPINDAHAN MUSIM HADAPAN
job.waiting_prefix	MEREKA AKAN MENUNGGU
job.waiting_suffix	PERLAWANAN LAGI
job.accepted.1	KAMI DI %a AMAT GEMBIRA KERANA ANDA
job.accepted.2	MENERIMA JAWATAN JURULATIH DI KELAB KAMI
job.accepted.3	MULAI AWAL MUSIM HADAPAN
job.farewell.1	TERIMA KASIH ATAS SEGALANYA %a, KAMI
job.farewell.2	MENDOAKAN KEJAYAAN DI TEMPAT BARU
job.welcome.1	SELAMAT DATANG %a, KAMI MENANTIKAN
job.welcome.2	BANYAK KEJAYAAN DARI KERJASAMA BARU INI
job.withdrawn.1	TAWARAN KERJA DARI %a DITARIK BALIK
# board expectation line (feature #2 follow-up)
chair.expected	LEMBAGA MENJANGKA
chair.of	DARI
chair.finished	TAMAT
chair.expects	LEMBAGA MENJANGKA
# NATIONAL TEAM JOB (career depth plan feature #4)
natjob.entry	PASUKAN KEBANGSAAN
natjob.entry_offer	TAWARAN KERJA ANTARABANGSA
natjob.title	PASUKAN KEBANGSAAN
natjob.title_offer	TAWARAN KERJA ANTARABANGSA
natjob.player	PEMAIN
natjob.add	TAMBAH PEMAIN
natjob.remove	BUANG PEMAIN
natjob.auto	PILIH AUTO
natjob.resign	LETAK JAWATAN
natjob.full	SKUAD PENUH
natjob.appointed	JURULATIH
natjob.none	TIADA JAWATAN ANTARABANGSA
natjob.no_players	TIADA PEMAIN
natjob.squad_word	SKUAD
natjob.rating	NILAI
natjob.home	DALAM NEGARA
natjob.abroad	LUAR NEGARA
natjob.col_name	NAMA
natjob.col_pos	POS
natjob.col_ovr	NIL
natjob.col_where	DI MANA
natjob.col_club	KELAB
natjob.letter_header	TAWARAN KERJA ANTARABANGSA DARI %a
natjob.offer.1	AHLI JAWATANKUASA BOLA SEPAK
natjob.offer.2	%a INGIN MENAWARKAN ANDA JAWATAN
natjob.offer.3	JURULATIH PASUKAN KEBANGSAAN
natjob.offer.4	KAMI JANJIKAN GAJI YANG SANGAT BAIK DAN
natjob.offer.5	KONTRAK YANG DISEMAK SETIAP TAHUN
natjob.offer.6	KAMI MENANTIKAN JAWAPAN ANDA
natjob.accepted.1	AHLI JAWATANKUASA BOLA SEPAK
natjob.accepted.2	%a GEMBIRA KERANA ANDA TELAH
natjob.accepted.3	MENERIMA JAWATAN JURULATIH KEBANGSAAN
natjob.ended.1	AHLI JAWATANKUASA BOLA SEPAK
natjob.ended.2	%a MEMUTUSKAN TIDAK MENYAMBUNG
natjob.ended.3	KONTRAK TAHUNAN ANDA
# TOP SCORERS (career depth plan feature #5) + PLEASE WAIT
busy.title	SILA TUNGGU
busy.new_career	MEMBINA DUNIA
busy.next_season	MUSIM PANAS BERJALAN
dash.scorers	PENJARING TERBANYAK
scorer.title	SENARAI PENJARING
scorer.view	SENARAI
scorer.page	HALAMAN
scorer.view_comp	PERTANDINGAN
scorer.view_club	KELAB SAYA
scorer.view_history	MUSIM DEMI MUSIM
scorer.leading	PENJARING TERBANYAK PERTANDINGAN
scorer.goals	GOL
scorer.own_goals	GOL SENDIRI
scorer.ex_player	GOL BEKAS PEMAIN
scorer.career_total	JUMLAH KERJAYA
scorer.season	MUSIM
scorer.season_top	PENJARING TERBAIK MUSIM
scorer.season_top_plural	PENJARING TERBAIK MUSIM
scorer.no_goals	BELUM ADA GOL MUSIM INI
scorer.no_seasons	BELUM ADA MUSIM SELESAI
# CAREER DASHBOARD SECTIONS (3-column layout)
dash.sec_match	PERLAWANAN
dash.sec_team	PASUKAN
dash.sec_club	KELAB
dash.sec_game	PERMAINAN
nav.hint_cols	ATAS/BAWAH PILIH   KIRI/KANAN LAJUR   TEMBAK OK   ESC KEMBALI
