key	nl
# COMMON
common.back	TERUG
common.continue	DOORGAAN
common.cancel	ANNULEER
common.ok	OK
common.on	AAN
common.off	UIT
common.na	N.V.T.
common.none	GEEN
common.versus	V
common.page	PAGINA
common.previous_page	VORIGE PAGINA
common.next_page	VOLGENDE PAGINA
common.no_career_data	GEEN CARRIEREDATA
common.no_squad_data	GEEN SELECTIEDATA
common.player_not_available	SPELER NIET BESCHIKBAAR
common.player	SPELER
common.budget	BUDGET
common.sort	SORTEER
common.sort_by	SORTEER OP
common.value	WAARDE
common.skill	SKILL
common.age	LEEFTIJD
common.money_thousands_suffix	K
common.money_millions_suffix	M
# TABLE COLUMN HEADERS
col.pos	POS
col.team	TEAM
col.name	NAAM
col.number	NR
col.number_hash	#
col.p	G
col.w	W
col.d	GL
col.l	V
col.gf	DV
col.ga	DT
col.pts	PT
col.skl	SKL
col.skill	SKILL
col.pot	POT
col.sta	CON
col.form	F
col.fit	FIT
col.val	WRD
col.nat	NAT
col.club	CLUB
col.price	PRIJS
col.spec	SPEC
col.quality	K
col.wage	LOON
col.fee	SOM
col.amount	BEDRAG
col.exp	EXP
col.skill_row	PA TA SC KO CO SN AF
# HOME
home.title	O P E N   S W O S
home.play_match	SPEEL MATCH
home.competitions	COMPETITIES
home.multiplayer	MULTIPLAYER
home.team_setup	TEAM OVERZICHT
home.options	OPTIES
home.career	CARRIERE
home.exit	AFSLUITEN
home.credit	DOOR GRZEGORZ KORYCKI
home.continue_prefix	DOORGAAN:
# QUIT
quit.title	AFSLUITEN
quit.are_you_sure	WEET JE HET ZEKER?
quit.quit_to_windows	AFSLUITEN NAAR WINDOWS
quit.return_to_game	TERUG NAAR SPEL
# FRIENDLY
friendly.title	OEFENWEDSTRIJD
friendly.home	THUIS
friendly.away	UIT
friendly.swap_teams	WISSEL TEAMS
friendly.pitch	VELD
friendly.opponent	TEGENSTANDER
friendly.half_length	HELFTDUUR
friendly.game_speed	SPELSNELHEID
friendly.kick_off	AFTRAP
friendly.context	OEFENPOT
# VERSUS
versus.play	SPEEL
versus.view_result	BEKIJK RESULTAAT
# STADIUM
stadium.title	TEAMS
stadium.kick_off	AFTRAP
stadium.edit_lineup	WIJZIG OPSTELLING
# OPTIONS
opt.title	OPTIES
opt.page	PAGINA
opt.language	TAAL
opt.half_length	HELFTDUUR
opt.game_speed	SPELSNELHEID
opt.opponent	TEGENSTANDER
opt.pitch	VELD
opt.skill_scaling	SKILL SCHALING
opt.skill_scaling_hint	GETROUWE SWOS SPELERPRIJS SKILL SCHALING
opt.all_teams_equal	ALLE TEAMS GELIJK
opt.all_teams_equal_hint	MAAKT TEAMSTERKTE GELIJK VOOR SPELERTEAMS
opt.pre_match_menus	VOORWEDSTRIJD MENUS
opt.player_fatigue	SPELER VERMOEIDHEID
opt.energy_bar	ENERGIEBALK
opt.music	MUZIEK
opt.music_hint	AMIGA / PC / EIGEN MENU MUZIEK
opt.sound	GELUID
opt.sound_hint	PC OF AMIGA WEDSTRIJDGELUIDEN
opt.display	WEERGAVE
opt.display_hint	F11 WISSELT  ALT+ENTER SCHAKELT VOLLEDIG SCHERM
# OPTION VALUES
val.pitch_none	(GEEN)
val.pitch_random	WILLEKEURIG
val.opponent_ai	AI
val.opponent_player2	SPELER 2  (WASD)
val.opponent_demo	DEMO  (AI V AI)
val.sound_amiga	AMIGA
val.sound_pc	PC
val.music_custom	EIGEN
val.music_off	UIT
val.length_whole_match_seconds	%dS ECHT  (HELE MATCH)
val.length_whole_match_minutes	%d MIN ECHT  (HELE MATCH)
val.display_windowed	VENSTER
val.display_full_fill	VOLLEDIG VULLEN
val.display_full_integer	VOLLEDIG INTEGER
# LOCAL MULTIPLAYER
mp.title	LOKALE MULTIPLAYER
mp.controls_hint	SPELER 1: PIJLEN+SPATIE   SPELER 2: WASD+SHIFT
mp.start	START 2 SPELER MATCH
# PICKERS
pick.continent	CONTINENT
pick.country	LAND
pick.your_team	JOUW TEAM
pick.all_countries	ALLE LANDEN
pick.all	ALLE
pick.select_country	KIES LAND
pick.select_continent	KIES CONTINENT
pick.select_your_team	KIES JOUW TEAM
pick.home_team	THUISTEAM
pick.away_team	UITTEAM
pick.nothing_to_choose	NIETS TE KIEZEN
pick.item	ITEM
pick.more_down	MEER v
# DRAW CEREMONY
draw.title_suffix	LOTING
# PLAY AGAIN
playagain.title	EINDE WEDSTRIJD
playagain.play_again	SPEEL OPNIEUW
playagain.exit	TERUG
# COMPETITIONS HUB
comp.title	COMPETITIES
comp.new_league	NIEUWE LIGA
comp.new_cup	NIEUWE BEKER
comp.new_tournament	NIEUW TOERNOOI
comp.preset_competition	VASTE COMPETITIE
comp.new_career	NIEUWE CARRIERE
comp.load_game	LAAD SPEL
# LEAGUE / CUP / TOURNAMENT SETUP
setup.league_title	NIEUWE LIGA
setup.cup_title	NIEUWE BEKER
setup.tournament_title	NIEUW TOERNOOI
setup.size	OMVANG
setup.teams_suffix	TEAMS
setup.entrants	DEELNEMERS
setup.entrants_same_division	ZELFDE DIVISIE
setup.entrants_same_nation	ZELFDE LAND
setup.entrants_random	WILLEKEURIG
setup.rounds	RONDES
setup.rounds_single	ENKEL
setup.rounds_double	DUBBEL
setup.groups	GROEPEN
setup.groups_of_4_suffix	GROEPEN VAN 4
setup.create_league	MAAK LIGA
setup.create_cup	MAAK BEKER
setup.create_tournament	MAAK TOERNOOI
# CAREER SETUP
career.title	NIEUWE CARRIERE
career.blurb_seasons	LIGA EN NATIONALE BEKER ELK SEIZOEN
career.blurb_promotion	WIN DE LIGA VOOR PROMOTIE, WORD LAATSTE EN DEGRADEER
career.start	START CARRIERE
# MANAGER NAME ENTRY
mgr.title	MANAGER NAAM
mgr.hint	TYP NAAM   LINKS/RECHTS TITEL   ENTER OK   ESC ANNULEER
mgr.title_row	TITEL
mgr.title_mr	DHR
mgr.title_ms	MEVR
mgr.default_name	SPELER
# COMPETITION DASHBOARD
dash.play_next_match	SPEEL VOLGENDE MATCH
dash.continue	DOORGAAN
dash.next_season	VOLGEND SEIZOEN
dash.table	STAND
dash.fixtures	PROGRAMMA
dash.squad	SELECTIE
dash.lineup	OPSTELLING
dash.transfers	TRANSFERS
dash.staff	STAF
dash.scouting	SCOUTING
dash.record	RECORD
dash.save_as	OPSLAAN ALS
dash.retire	STOPPEN
dash.abandon	OPGEVEN
dash.management_record	MANAGEMENT RECORD
dash.status_retired	GESTOPT
dash.status_champions	KAMPIOEN:
dash.status_eliminated	UITGESCHAKELD
dash.offers_prefix	BIEDINGEN
dash.offers_unseen_mark	!
# NEXT MATCH / VIEW RESULT
next.title	VOLGENDE MATCH
result.title	EINDE WEDSTRIJD
result.label	RESULTAAT
# MANAGEMENT RECORD
mrec.title	MANAGEMENT RECORD
mrec.title_of_prefix	MANAGEMENT RECORD VAN
mrec.career_over	CARRIERE VOORBIJ
mrec.season	SEIZOEN
mrec.div	DIV
mrec.trophies	PRIJZEN
mrec.none_yet	NOG GEEN
mrec.history	HISTORIE
mrec.first_season	EERSTE SEIZOEN BEZIG
# RETIRE CONFIRM
retire.title	STOPPEN
retire.prompt	STOPPEN ALS MANAGER?
retire.confirm	STOPPEN
# PRESET COMPETITIONS
preset.title	VASTE COMPETITIE
preset.blurb	ECHTE COMPETITIES MET ECHTE DEELNEMERS
preset.european_cup	EUROPACUP
preset.uefa_cup	UEFA CUP
preset.cup_winners_cup	BEKERWINNAARS CUP
preset.world_cup	WERELDBEKER
preset.european_championship	EUROPEES KAMPIOENSCHAP
preset.copa_america	COPA AMERICA
preset.team_knockout_suffix	TEAM KNOCKOUT
preset.groups_then_knockout_suffix	GROEPEN VAN 4 DAN KNOCKOUT
preset.create	MAAK
# SAVE AS / LOAD GAME
save.title	OPSLAAN ALS
save.hint	TYP SLOTNAAM   ENTER OK   ESC ANNULEER
save.saved_as_prefix	OPGESLAGEN ALS
load.title	LAAD SPEL
load.delete_mode	VERWIJDERMODUS
load.no_saved_games	GEEN OPGESLAGEN SPELLEN
# STANDINGS / FIXTURES
table.title	STAND
table.group	GROEP
fixtures.title	PROGRAMMA
# TEAM SETUP
teamcfg.title	TEAM OVERZICHT
teamcfg.team	TEAM
teamcfg.team_home_prefix	THUIS
teamcfg.team_away_prefix	UIT
teamcfg.switch_home_away	WISSEL THUIS / UIT
teamcfg.coach	COACH
# COMPETITION ENGINE
stage.league	LIGA
stage.group_prefix	GROEP
stage.final	FINALE
stage.semi_final	HALVE FINALE
stage.quarter_final	KWARTFINALE
stage.round_of_16	LAATSTE 16
stage.round_of_32	LAATSTE 32
stage.round_of_prefix	LAATSTE
stage.cup_prefix	BEKER
round.league_round	LIGA - RONDE
round.competition_complete	COMPETITIE VOLTOOID
round.no_fixtures	GEEN WEDSTRIJDEN
status.no_player_team	GEEN SPELERTEAM
status.you_are_champion	JIJ BENT KAMPIOEN
status.you_are_prefix	JIJ BENT
status.you_are_unplaced	JIJ BENT ONGEPLAATST
status.you_were_eliminated	JIJ BENT UITGESCHAKELD
status.you_are_through	JIJ BENT DOOR NAAR DE VOLGENDE RONDE
status.you_are_in_prefix	JIJ ZIT IN
status.you_are_in_the_prefix	JIJ ZIT IN DE
ord.st	STE
ord.nd	DE
ord.rd	DE
ord.th	DE
season.cup_winner	WINNAAR
season.cup_runner_up	FINALIST
season.cup_out_in_prefix	ERUIT IN
season.cup_out	ERUIT
season.trophy_league	SEIZOEN %d LIGAKAMPIOEN
season.trophy_cup	SEIZOEN %d BEKERWINNAAR
season.history_line	S%d: LIGA %s, BEKER %s
season.history_retired	S%d: GESTOPT
fixture.penalties_mark	P
# CAREER SQUAD
squad.title_suffix	SELECTIE
squad.default_club	CLUB
squad.player_action	SPELERACTIE
squad.no_player_selected	GEEN SPELER GEKOZEN
squad.fit_injured	GEB
# PLAYER ACTION
paction.value_prefix	WAARDE
paction.time_to_negotiate	ONDERHANDELTIJD
paction.take_off_list	VAN LIJST HALEN
paction.put_on_list	OP TRANSFERLIJST
paction.give_free_transfer	GRATIS TRANSFER GEVEN
paction.off_list_prefix	VAN LIJST
paction.listed_prefix	OP LIJST
paction.list_full_prefix	LIJST VOL (MAX
# FREE TRANSFER
free.title	GRATIS TRANSFER
free.confirm_prompt	%s GRATIS VRIJLATEN?
free.release	VRIJLATEN
free.released_prefix	VRIJGELATEN
free.squad_too_small	SELECTIE TE KLEIN
free.release_failed	VRIJLATEN MISLUKT
# LINEUP EDITOR
lineup.title	TEAM OPSTELLING
lineup.auto	AUTO
lineup.hint	OMHOOG/OMLAAG RIJ   VUUR KIES/WISSEL   ESC TERUG
lineup.picked_prefix	GEKOZEN
lineup.picked_swap_hint	- VUUR EEN RIJ OM TE WISSELEN
lineup.unmarked_prefix	ONGEMARKEERD
lineup.slot_not_available	SLOT NIET BESCHIKBAAR
lineup.goal_needs_keeper	DOELSLOT VEREIST KEEPER
lineup.swapped_prefix	GEWISSELD
lineup.swapped_and	EN
lineup.auto_restored	AUTO OPSTELLING HERSTELD
lineup.auto_label	AUTO OPSTELLING
lineup.custom_label	EIGEN OPSTELLING
lineup.slot	SLOT
lineup.slot_gk	GK
lineup.slot_sub	SUB
# STAFF
staff.title	STAF
staff.coach	COACH
staff.fire_selected	ONTSLA GEKOZEN
staff.hire_coach	HUUR COACH
staff.training_focus	TRAININGSFOCUS
staff.no_coach_selected	GEEN COACH GEKOZEN
staff.no_coaches	GEEN COACHES
# FIRE COACH
firecoach.title	ONTSLA COACH
firecoach.coach_not_available	COACH NIET BESCHIKBAAR
firecoach.severance_prefix	AFKOOPSOM
firecoach.fire	ONTSLAAN
firecoach.fired_prefix	ONTSLAGEN
# HIRE COACH
hire.title	HUUR COACH
hire.candidate	KANDIDAAT
hire.hire	HUUR
hire.hired_prefix	INGEHUURD
# TRAINING FOCUS
focus.title	TRAININGSFOCUS
focus.toggle	FOCUS AAN/UIT
focus.removed_prefix	VERWIJDERD
focus.focused_prefix	GEFOCUST
focus.max_prefix	MAX
focus.max_suffix	FOCUS SPELERS
focus.mark	*
# SCOUTING
scout.title	SCOUTING
scout.scout_player	SCOUT SPELER
scout.improve_prefix	VERBETER SCOUTING
scout.maxed	SCOUTING MAX
scout.unavailable	SCOUTING ONBESCHIKBAAR
scout.quality_prefix	SCOUT KWALITEIT
scout.no_watched	GEEN GEVOLGDE SPELERS
scout.scout_selected	SCOUT GEKOZEN
scout.scout_prefix	SCOUT
scout.scouted_prefix	GESCOUT
scout.cost_prefix	KOSTEN
scout.no_players_available	GEEN SPELERS BESCHIKBAAR
# TRANSFER MARKET
market.title	TRANSFERMARKT
market.max_price	MAX PRIJS
market.buy_selected	KOOP GEKOZEN
market.no_player_selected	GEEN SPELER GEKOZEN
market.free_agent	TRANSFERVRIJ
market.club_fallback_prefix	CLUB
market.price_any	ALLE
market.price_100k	<100K
market.price_250k	<250K
market.price_500k	<500K
market.price_1m	<1M
market.price_2m	<2M
market.price_5m	<5M
market.price_10m	<10M
market.price_over_10m	>=10M
# BUY / NEGOTIATION
buy.title	KOOP SPELER
buy.asking_prefix	VRAAGT
buy.your_bid	JOUW BOD
buy.make_bid	DOE BOD
buy.club_unwilling	CLUB WIL GEEN SPELERS KOPEN
buy.no_time	GEEN TIJD MEER OM TE ONDERHANDELEN
buy.enter_a_bid	VOER EEN BOD IN
buy.not_enough_money	NIET GENOEG GELD
buy.bought_prefix	GEKOCHT
buy.squad_full	SELECTIE VOL
buy.transfer_failed	TRANSFER MISLUKT
buy.counter_prefix	TEGENBOD VAN
buy.rejected	BOD TE LAAG - AFGEWEZEN
# INCOMING OFFERS
offers.title	TRANSFERBIEDINGEN
offers.no_offers	GEEN BIEDINGEN
offers.offer	BOD
offers.accept	ACCEPTEER
offers.demand_more	EIS MEER
offers.reject	AFWIJZEN
offers.header_negotiate_prefix	ONDERHANDELTIJD
offers.header_sells	VERKOPEN
offers.not_available	BOD NIET BESCHIKBAAR
offers.sold_prefix	VERKOCHT
offers.sold_for	VOOR
offers.squad_too_small	SELECTIE TE KLEIN
offers.accept_failed	ACCEPTEREN MISLUKT
offers.improved_prefix	VERHOOGD NAAR
offers.withdrawn	BOD INGETROKKEN
offers.refused	ZIJ WILLEN NIET MEER BETALEN
offers.rejected	BOD AFGEWEZEN
# MATCH HUD / OVERLAYS
hud.half_time	RUST
hud.full_time	EINDE
hud.penalties	STRAFSCHOPPEN
hud.paused	GEPAUZEERD
hud.pause_resume_hint	spatie  hervat
hud.pause_quit_hint	ESC    naar menu
hud.goal	GOAL!
hud.throw_in	INGOOI
hud.corner	CORNER
hud.goal_kick	DOELTRAP
hud.press_space	druk spatie
hud.team_home_fallback	THUIS
hud.team_away_fallback	UIT
goal.type_penalty	(PEN)
goal.type_own_goal	(EG)
# S34 additions
bench.coach	COACH
bench.coming_on	KOMT: {0}
bench.fire_swap	VUUR KIES+KIES = WISSEL
bench.formation	FORMATIE
bench.formation_colon	FORMATIE:
bench.help_leave	LINKS/RECHTS BANK VERLATEN
bench.help_select	OMHOOG/OMLAAG KIES  VUUR OK
bench.hold_mark	VUUR VASTHOUDEN = SPELER MARKEREN
bench.player_off	SPELER ERUIT:
bench.sub_in_progress	WISSEL BEZIG...
bench.swap_formation	WISSEL / FORMATIE:
bench.tag_inj	 GEB
bench.tag_off	 [UIT]
bench.tag_sub	 [SUB]
bench.title	BANK - {0}
bench.user	SPELER {0}
career.dash_div_season	DIV {0}  SEIZOEN {1}
career.price_any	ALLE
career.rec_pwdl	G {0}   W {1}   GL {2}   V {3}   DV {4}   DT {5}
career.rec_season_div	SEIZOEN {0}  {1}  DIV {2}
career.release_confirm	{0} GRATIS VRIJLATEN?
career.skill_letters	PVHTCSF
career.title_mr	DHR
career.title_ms	MEVR
comp.competition_complete	COMPETITIE VOLTOOID
comp.cup	BEKER
comp.entrants_random	WILLEKEURIG
comp.entrants_same_div	ZELFDE DIVISIE
comp.entrants_same_nation	ZELFDE LAND
comp.league_round	LIGA - RONDE {0}/{1}
comp.name_career	CARRIERE
comp.name_cup	BEKER
comp.name_league	LIGA
comp.name_tournament	TOERNOOI
comp.no_fixtures	GEEN WEDSTRIJDEN
comp.no_player_team	GEEN SPELERTEAM
comp.ord_nd	DE
comp.ord_rd	DE
comp.ord_st	STE
comp.ord_th	DE
comp.preset_copa_america	COPA AMERICA
comp.preset_cup_winners_cup	BEKERWINNAARS CUP
comp.preset_european_championship	EUROPEES KAMPIOENSCHAP
comp.preset_european_cup	EUROPACUP
comp.preset_uefa_cup	UEFA CUP
comp.preset_world_cup	WERELDBEKER
comp.slot_finished	VOLTOOID
comp.slot_no_team	GEEN TEAM
comp.slot_round	RONDE {0}/{1}
comp.slot_winner	WINNAAR {0}
comp.stage_final	FINALE
comp.stage_group	GROEP
comp.stage_league	LIGA
comp.stage_quarter	KWARTFINALE
comp.stage_r16	LAATSTE 16
comp.stage_r32	LAATSTE 32
comp.stage_round_of	LAATSTE
comp.stage_semi	HALVE FINALE
comp.you_are_pos	JIJ BENT {0}
comp.you_champion	JIJ BENT KAMPIOEN
comp.you_eliminated	JIJ BENT UITGESCHAKELD
comp.you_in	JIJ ZIT IN {0}
comp.you_in_the	JIJ ZIT IN DE {0}
comp.you_through	JIJ BENT DOOR NAAR DE VOLGENDE RONDE
comp.you_unplaced	JIJ BENT ONGEPLAATST
firstrun.body	Geen SWOS-speldata gevonden.\n\nOpenSWOS heeft Sensible World of Soccer 96/97 (Amiga-editie) nodig.\nTwee opties - herstart daarna het spel:\n\n  (a) Zet je Amiga-diskette-images (*.adf) in:\n        {0}\n      OpenSWOS pakt bij de volgende start uit wat nodig is.\n\n  (b) Heb je al losse spelbestanden (bijv. een WHDLoad-installatie)?\n      Kopieer ze naar:\n        {1}\n\nOptioneel: zet de PC-(DOS-)DATA-map in 'original_swos_pc/' voor een\niets grotere teamlijst - niet vereist, en verandert de graphics niet.\n\nEerdere SWOS-edities (94/95 enz.) zijn NIET compatibel.
menu.team_coach_div	COACH {0}   DIV {1}
menu.team_div	DIV {0}
menu.versus	  V
nation.continent_africa	AFRIKA
nation.continent_asia	AZIE
nation.continent_europe	EUROPA
nation.continent_north_america	NOORD-AMERIKA
nation.continent_oceania	OCEANIE
nation.continent_south_america	ZUID-AMERIKA
nav.hint_menu	OMHOOG/OMLAAG KIES   VUUR OK   ESC TERUG
nav.hint_picker	OMHOOG/OMLAAG SCROLLEN   VUUR KIES   ESC ANNULEER
nav.hint_picker_cols	OMHOOG/OMLAAG SCROLLEN   LINKS/RECHTS KOLOM   VUUR KIES   ESC ANNULEER
nav.hint_stepper	OMHOOG/OMLAAG KIES   LINKS/RECHTS WIJZIG   VUUR OK   ESC TERUG
nav.hint_table	OMHOOG/OMLAAG RIJ   VUUR OK   ESC TERUG
opt.commentator	COMMENTATOR
opt.commentator_hint	GESPROKEN COMMENTAAR (ALLEEN PC-GELUID)
opt.display_fullfill	VOLLEDIG VULLEN
opt.display_fullinteger	VOLLEDIG INTEGER
opt.display_unknown	?
opt.display_windowed	VENSTER
opt.len_min_whole	{0} MIN ECHT  (HELE MATCH)
opt.len_sec_whole	{0}S ECHT  (HELE MATCH)
opt.smoothing_sharp	SCHERP
overlay.corner	CORNER
overlay.fulltime	EINDE
overlay.fulltime_body	EINDE\n\n{0}  {1} - {2}  {3}\n\ndruk spatie
overlay.goal	GOAL!
overlay.goalkick	DOELTRAP
overlay.halftime	RUST
overlay.paused	GEPAUZEERD\n\nspatie  hervat\nESC    naar menu
overlay.penalties	STRAFSCHOPPEN
overlay.throwin	INGOOI
pos.a	A
pos.d	V
pos.gk	GK
pos.lb	LB
pos.lw	LV
pos.m	M
pos.none	--
pos.rb	RB
pos.rw	RV
pos.unknown	?
result.away	UIT
result.home	THUIS
result.og	(EG)
result.pen	(PEN)
scout.notice_maxed	SCOUTING MAX
scout.notice_no_money	NIET GENOEG GELD
scout.notice_player_unavailable	SPELER NIET BESCHIKBAAR
scout.notice_unavailable	SCOUTING ONBESCHIKBAAR
staff.notice_coach_unavailable	COACH NIET BESCHIKBAAR
staff.notice_focus_full	FOCUS VOL
staff.notice_full	STAF VOL
staff.notice_no_money	NIET GENOEG GELD
staff.notice_player_unavailable	SPELER NIET BESCHIKBAAR
staff.notice_unavailable	STAF ONBESCHIKBAAR
staff.spec_attack	AANVAL
staff.spec_defence	VERDEDIGING
staff.spec_general	ALGEMEEN
staff.spec_youth	JEUGD
# FINANCES (career depth plan feature 1)
dash.finances	FINANCIEN
fin.title	FINANCIEN
fin.show_history	SEIZOEN VOOR SEIZOEN
fin.show_sheet	DIT SEIZOEN
fin.no_season	GEEN VOLTOOID SEIZOEN
fin.drawn_up	DE BALANS VOLGT AAN HET EIND VAN HET SEIZOEN
fin.col_season	SEIZOEN
fin.col_league	COMPETITIE
fin.col_cup	BEKER
fin.col_income	INKOMSTEN
fin.col_wages	SALARISSEN
fin.col_balance	SALDO
fin.season	SEIZOEN
fin.league	COMPETITIE
fin.cup	BEKER
fin.home_games	THUISWEDSTRIJDEN
fin.crowd	TOESCHOUWERS
fin.row.opening	SALDO BIJ START SEIZOEN:
fin.row.gate	RECETTE:
fin.row.bonuses	PREMIES + TV-RECHTEN:
fin.row.sponsor	SPONSORING VAN SENSISOFT PLC:
fin.row.invest	EXTRA INVESTERING VAN DE VOORZITTER:
fin.row.invest_new	EXTRA INVESTERING VAN DE NIEUWE VOORZITTER:
fin.row.wages	SPELERSSALARISSEN:
fin.row.profit	TOTALE WINST:
fin.row.loss	TOTAAL VERLIES:
fin.row.closing	NIEUW SALDO:
fin.row.sales	SPELERSVERKOPEN:
fin.row.purchases	SPELERSAANKOPEN:
# THE CHAIRMAN (career depth plan feature 2)
dash.chairman	VOORZITTER
dash.status_sacked	ONTSLAGEN
chair.title	VOORZITTER
chair.memo	MEMO
chair.none	GEEN MEMOS
chair.memo_header	MEMO VAN DE CLUBVOORZITTER
chair.memo_sign	UW VOORZITTER
chair.earlier	EERDERE MEMOS
opt.board	BESTUUR
opt.board_hint	HOE SNEL DE VOORZITTER JE ONTSLAAT
opt.board_patient	GEDULDIG
opt.board_normal	NORMAAL
opt.board_ruthless	MEEDOGENLOOS
chair.verdict0.1	GOED GEDAAN %a, JE HEBT UITSTEKEND WERK
chair.verdict0.2	GELEVERD DIT SEIZOEN EN WIJ WAARDEREN DAT
chair.verdict1.1	EEN GOED SEIZOEN %a, WIJ ZIJN ALLEMAAL ZEER
chair.verdict1.2	TEVREDEN, GA ZO DOOR
chair.verdict2.1	EEN WISSELVALLIG SEIZOEN %a, WIJ HOPEN
chair.verdict2.2	OP SNELLE VERBETERING
chair.verdict3.1	GEEN BEST SEIZOEN %a, WIJ HOPEN DAT JE
chair.verdict3.2	ONZE PRESTATIES VOLGEND SEIZOEN VERBETERT
chair.verdict4.1	EEN ZEER TELEURSTELLEND SEIZOEN %a, WIJ EISEN
chair.verdict4.2	VOLGEND SEIZOEN VEEL MEER VAN JE
chair.sacked_league.1	MET GROTE SPIJT HEBBEN HET BESTUUR EN IK
chair.sacked_league.2	BESLOTEN JE VAN JE TAKEN TE ONTHEFFEN
chair.not_renewed.1	MET GROTE SPIJT HEBBEN WIJ BESLOTEN JE
chair.not_renewed.2	CONTRACT NIET TE VERLENGEN - SUCCES
chair.not_renewed.3	EN WIJ HOPEN JE SNEL WEER TE ZIEN
chair.league_note.1	LET OP ONZE HUIDIGE STAND IN DE COMPETITIE EN
chair.league_note.2	ZORG DAT DIE ZO SNEL MOGELIJK VERBETERT
chair.league_warn.1	DENK ERAAN, ALS ONZE STAND NIET VERBETERT
chair.league_warn.2	MOETEN WIJ JE POSITIE HEROVERWEGEN
chair.league_crisis.1	NA EEN VERTROUWENSSTEMMING HEB JE HOOGSTENS
chair.league_crisis.2	3 WEDSTRIJDEN OM HET TIJ TE KEREN OF JE LIGT ERUIT
chair.money_note.1	LET OP ONS HUIDIGE BANKSALDO EN
chair.money_note.2	ZORG DAT HET TEKORT SNEL WORDT WEGGEWERKT
chair.money_warn.1	EEN HERINNERING OVER HET TEKORT
chair.money_warn.2	ANDERS MOETEN WIJ JE POSITIE HEROVERWEGEN
chair.money_crisis.1	NA EEN CRISISVERGADERING EISEN WIJ DAT JE
chair.money_crisis.2	HET TEKORT NU WEGWERKT OF JE LIGT ERUIT
chair.new_season.1	EEN NOTITIE OM JE VEEL SUCCES TE WENSEN IN HET
chair.new_season.2	NIEUWE SEIZOEN
chair.embargo_buy.1	SORRY %a, DE CLUB IS NIET BEREID OM
chair.embargo_buy.2	DIT SEIZOEN NOG SPELERS TE KOPEN
chair.embargo_sell.1	LET OP %a, WIJ STAAN GEEN
chair.embargo_sell.2	VERDERE SPELERSVERKOPEN TOE DIT SEIZOEN
chair.sacked_money.1	MET GROTE SPIJT HEBBEN HET BESTUUR EN IK
chair.sacked_money.2	BESLOTEN JE VAN JE TAKEN TE ONTHEFFEN
# JOB OFFERS (career depth plan feature #3)
job.title	BAANAANBIEDINGEN
job.none	GEEN AANBIEDINGEN
job.offer	AANBOD
job.accept	ACCEPTEREN
job.decline	AFWIJZEN
job.declined	AANBOD AFGEWEZEN
job.not_available	AANBOD NIET BESCHIKBAAR
job.signed_prefix	AKKOORD MET
job.new_job	NIEUWE BAAN
job.reputation	REPUTATIE
job.rep_world	WERELDKLASSE
job.rep_high	HOOG AANGESCHREVEN
job.rep_good	GEWAARDEERD
job.rep_known	BEKEND
job.rep_unproven	ONBEWEZEN
job.rep_unwanted	ONGEWENST
job.division	DIVISIE
job.squad	SELECTIE
job.letter_header	BAANAANBOD VAN %a
job.letter.1	GEACHTE HEER/MEVROUW
job.letter.2	WIJ VAN %a WILLEN U GRAAG DE
job.letter.3	TRAINERSPOST AANBIEDEN VOOR VOLGEND SEIZOEN
job.letter.4	WIJ BIEDEN U EEN ZEER GOED SALARIS EN
job.letter.5	WIJ HOPEN MIDDELEN VRIJ TE MAKEN
job.letter.6	IN DE ORDE VAN %b VOOR VERSTERKINGEN
job.letter.7	WIJ ZIEN UW ANTWOORD GRAAG TEGEMOET
job.accepted_note	U HEEFT GETEKEND - DE OVERSTAP IS VOLGEND SEIZOEN
job.waiting_prefix	ZIJ WACHTEN NOG
job.waiting_suffix	WEDSTRIJDEN
job.accepted.1	WIJ VAN %a ZIJN VERHEUGD DAT U
job.accepted.2	DE TRAINERSPOST BIJ ONS HEEFT AANVAARD
job.accepted.3	VANAF HET BEGIN VAN VOLGEND SEIZOEN
job.farewell.1	BEDANKT VOOR ALLES %a, WIJ WENSEN
job.farewell.2	U VEEL SUCCES IN UW NIEUWE BAAN
job.welcome.1	WELKOM %a, WIJ VERWACHTEN VEEL
job.welcome.2	SUCCES VAN ONZE NIEUWE SAMENWERKING
job.withdrawn.1	BAANAANBOD VAN %a INGETROKKEN
# board expectation line (feature #2 follow-up)
chair.expected	BESTUUR VERWACHTTE
chair.of	VAN
chair.finished	GEEINDIGD
chair.expects	BESTUUR VERWACHT
# NATIONAL TEAM JOB (career depth plan feature #4)
natjob.entry	NATIONAAL ELFTAL
natjob.entry_offer	INTERNATIONAAL BAANAANBOD
natjob.title	NATIONAAL ELFTAL
natjob.title_offer	INTERNATIONAAL BAANAANBOD
natjob.player	SPELER
natjob.add	SPELER TOEVOEGEN
natjob.remove	SPELER VERWIJDEREN
natjob.auto	AUTO-SELECTIE
natjob.resign	AFTREDEN
natjob.full	SELECTIE VOL
natjob.appointed	BONDSCOACH VAN
natjob.none	GEEN INTERNATIONALE BAAN
natjob.no_players	GEEN SPELERS BESCHIKBAAR
natjob.squad_word	SELECTIE
natjob.rating	WAARDERING
natjob.home	THUIS
natjob.abroad	BUITENLAND
natjob.col_name	NAAM
natjob.col_pos	POS
natjob.col_ovr	ALG
natjob.col_where	WAAR
natjob.col_club	CLUB
natjob.letter_header	INTERNATIONAAL BAANAANBOD VAN %a
natjob.offer.1	DE LEDEN VAN DE VOETBALCOMMISSIE
natjob.offer.2	VAN %a WILLEN U DE FUNCTIE
natjob.offer.3	VAN BONDSCOACH AANBIEDEN
natjob.offer.4	WIJ BELOVEN U EEN UITSTEKEND SALARIS EN
natjob.offer.5	EEN JAARLIJKS HERZIENBAAR CONTRACT
natjob.offer.6	WIJ ZIEN UW ANTWOORD GRAAG TEGEMOET
natjob.accepted.1	DE LEDEN VAN DE VOETBALCOMMISSIE
natjob.accepted.2	VAN %a ZIJN VERHEUGD DAT U DE
natjob.accepted.3	FUNCTIE VAN BONDSCOACH HEEFT AANVAARD
natjob.ended.1	DE LEDEN VAN DE VOETBALCOMMISSIE
natjob.ended.2	VAN %a VERLENGEN UW JAARLIJKS
natjob.ended.3	HERZIENBARE CONTRACT NIET
# TOP SCORERS (career depth plan feature #5) + PLEASE WAIT
busy.title	EVEN GEDULD
busy.new_career	WERELD WORDT GEBOUWD
busy.next_season	DE ZOMER LOOPT
dash.scorers	TOPSCORERS
scorer.title	TOPSCORERS
scorer.view	LIJST
scorer.page	PAGINA
scorer.view_comp	COMPETITIE
scorer.view_club	MIJN CLUB
scorer.view_history	SEIZOEN PER SEIZOEN
scorer.leading	TOPSCORERS VAN DE COMPETITIE
scorer.goals	DOELPUNTEN
scorer.own_goals	EIGEN DOELPUNTEN
scorer.ex_player	DOELPUNTEN OUD SPELERS
scorer.career_total	TOTAAL CARRIERE
scorer.season	SEIZOEN
scorer.season_top	TOPSCORER VAN HET SEIZOEN
scorer.season_top_plural	TOPSCORERS VAN HET SEIZOEN
scorer.no_goals	NOG GEEN DOELPUNTEN DIT SEIZOEN
scorer.no_seasons	NOG GEEN SEIZOEN AFGEROND
# CAREER DASHBOARD SECTIONS (3-column layout)
dash.sec_match	WEDSTRIJD
dash.sec_team	TEAM
dash.sec_club	CLUB
dash.sec_game	SPEL
nav.hint_cols	OMHOOG/OMLAAG KIEZEN   LINKS/RECHTS KOLOM   VUUR OK   ESC TERUG
