key	pl
# COMMON
common.back	POWROT
common.continue	DALEJ
common.cancel	ANULUJ
common.ok	OK
common.on	WL
common.off	WYL
common.na	N/D
common.none	BRAK
common.versus	V
common.page	STR
common.previous_page	POPRZEDNIA STR
common.next_page	NASTEPNA STR
common.no_career_data	BRAK DANYCH KARIERY
common.no_squad_data	BRAK DANYCH KADRY
common.player_not_available	ZAWODNIK NIEDOSTEPNY
common.player	ZAWODNIK
common.budget	BUDZET
common.sort	SORTUJ
common.sort_by	SORTUJ WG
common.value	WARTOSC
common.skill	UMIEJETNOSC
common.age	WIEK
common.money_thousands_suffix	K
common.money_millions_suffix	M
# TABLE COLUMN HEADERS
col.pos	POZ
col.team	DRUZYNA
col.name	NAZWA
col.number	NR
col.number_hash	#
col.p	M
col.w	Z
col.d	R
col.l	P
col.gf	BZ
col.ga	BS
col.pts	PKT
col.skl	UMI
col.skill	UMI
col.pot	POT
col.sta	KON
col.form	F
col.fit	SPR
col.val	WAR
col.nat	NAR
col.club	KLUB
col.price	CENA
col.spec	SPEC
col.quality	J
col.wage	PLACA
col.fee	OPLATA
col.amount	KWOTA
col.exp	WYG
col.skill_row	PO OD ST GL KO SZ WY
# HOME
home.title	O P E N   S W O S
home.play_match	ZAGRAJ MECZ
home.competitions	ROZGRYWKI
home.multiplayer	MULTIPLAYER
home.team_setup	USTAW DRUZYNE
home.options	OPCJE
home.career	KARIERA
home.exit	WYJSCIE
home.credit	AUTOR GRZEGORZ KORYCKI
home.continue_prefix	KONTYNUUJ:
# QUIT
quit.title	WYJSCIE
quit.are_you_sure	NA PEWNO?
quit.quit_to_windows	WYJDZ DO WINDOWS
quit.return_to_game	WROC DO GRY
# FRIENDLY
friendly.title	MECZ TOWARZYSKI
friendly.home	DOM
friendly.away	WYJAZD
friendly.swap_teams	ZAMIEN DRUZYNY
friendly.pitch	BOISKO
friendly.opponent	PRZECIWNIK
friendly.half_length	DLUGOSC POLOWY
friendly.game_speed	SZYBKOSC GRY
friendly.kick_off	ROZPOCZNIJ
friendly.context	TOWARZYSKI
# VERSUS
versus.play	GRAJ
versus.view_result	ZOBACZ WYNIK
# STADIUM
stadium.title	SKLADY
stadium.kick_off	ROZPOCZNIJ
stadium.edit_lineup	EDYTUJ SKLAD
# OPTIONS
opt.title	OPCJE
opt.page	STRONA
opt.language	JEZYK
opt.half_length	DLUGOSC POLOWY
opt.game_speed	SZYBKOSC GRY
opt.opponent	PRZECIWNIK
opt.pitch	BOISKO
opt.skill_scaling	SKALOWANIE UMIEJ
opt.skill_scaling_hint	WIERNE SWOS SKALOWANIE UMIEJ WG CENY
opt.all_teams_equal	WSZYSTKIE ROWNE
opt.all_teams_equal_hint	WYROWNUJE SILE DRUZYN GRACZY
opt.pre_match_menus	MENU PRZED MECZEM
opt.player_fatigue	ZMECZENIE
opt.energy_bar	PASEK ENERGII
opt.music	MUZYKA
opt.music_hint	MUZYKA MENU AMIGA / PC / WLASNA
opt.sound	DZWIEK
opt.sound_hint	DZWIEKI MECZU PC LUB AMIGA
opt.display	EKRAN
opt.display_hint	F11 ZMIENIA  ALT+ENTER PELNY EKRAN
# OPTION VALUES
val.pitch_none	(BRAK)
val.pitch_random	LOSOWE
val.opponent_ai	AI
val.opponent_player2	GRACZ 2  (WASD)
val.opponent_demo	DEMO  (AI V AI)
val.sound_amiga	AMIGA
val.sound_pc	PC
val.music_custom	WLASNA
val.music_off	WYL
val.length_whole_match_seconds	%dS RZECZ  (CALY MECZ)
val.length_whole_match_minutes	%d MIN RZECZ  (CALY MECZ)
val.display_windowed	W OKNIE
val.display_full_fill	PELNY WYPELN
val.display_full_integer	PELNY CALK
# LOCAL MULTIPLAYER
mp.title	LOKALNY MULTIPLAYER
mp.controls_hint	GRACZ 1: STRZALKI+SPACJA   GRACZ 2: WASD+SHIFT
mp.start	ZACZNIJ MECZ 2 GRACZY
# PICKERS
pick.continent	KONTYNENT
pick.country	KRAJ
pick.your_team	TWOJA DRUZYNA
pick.all_countries	WSZYSTKIE KRAJE
pick.all	WSZ
pick.select_country	WYBIERZ KRAJ
pick.select_continent	WYBIERZ KONTYNENT
pick.select_your_team	WYBIERZ DRUZYNE
pick.home_team	GOSPODARZE
pick.away_team	GOSCIE
pick.nothing_to_choose	BRAK WYBORU
pick.item	POZ
pick.more_down	WIECEJ v
# DRAW CEREMONY
draw.title_suffix	LOSOWANIE
# PLAY AGAIN
playagain.title	KONIEC MECZU
playagain.play_again	ZAGRAJ PONOWNIE
playagain.exit	WYJSCIE
# COMPETITIONS HUB
comp.title	ROZGRYWKI
comp.new_league	NOWA LIGA
comp.new_cup	NOWY PUCHAR
comp.new_tournament	NOWY TURNIEJ
comp.preset_competition	GOTOWE ROZGRYWKI
comp.new_career	NOWA KARIERA
comp.load_game	WCZYTAJ GRE
# LEAGUE / CUP / TOURNAMENT SETUP
setup.league_title	NOWA LIGA
setup.cup_title	NOWY PUCHAR
setup.tournament_title	NOWY TURNIEJ
setup.size	ROZMIAR
setup.teams_suffix	DRUZYN
setup.entrants	UCZESTNICY
setup.entrants_same_division	TA SAMA LIGA
setup.entrants_same_nation	TEN SAM KRAJ
setup.entrants_random	LOSOWO
setup.rounds	RUNDY
setup.rounds_single	POJEDYNCZE
setup.rounds_double	PODWOJNE
setup.groups	GRUPY
setup.groups_of_4_suffix	GRUPY PO 4
setup.create_league	UTWORZ LIGE
setup.create_cup	UTWORZ PUCHAR
setup.create_tournament	UTWORZ TURNIEJ
# CAREER SETUP
career.title	NOWA KARIERA
career.blurb_seasons	LIGA I PUCHAR KRAJOWY CO SEZON
career.blurb_promotion	WYGRAJ LIGE BY AWANSOWAC, OSTATNI SPADA
career.start	ZACZNIJ KARIERE
# MANAGER NAME ENTRY
mgr.title	IMIE MENEDZERA
mgr.hint	WPISZ IMIE   LEWO/PRAWO TYTUL   ENTER OK   ESC ANULUJ
mgr.title_row	TYTUL
mgr.title_mr	PAN
mgr.title_ms	PANI
mgr.default_name	GRACZ
# COMPETITION DASHBOARD
dash.play_next_match	GRAJ NASTEPNY MECZ
dash.continue	DALEJ
dash.next_season	NASTEPNY SEZON
dash.table	TABELA
dash.fixtures	TERMINARZ
dash.squad	KADRA
dash.lineup	SKLAD
dash.transfers	TRANSFERY
dash.staff	SZTAB
dash.scouting	SKAUTING
dash.record	DOROBEK
dash.save_as	ZAPISZ JAKO
dash.retire	EMERYTURA
dash.abandon	PORZUC
dash.management_record	DOROBEK MENEDZERA
dash.status_retired	EMERYTURA
dash.status_champions	MISTRZ:
dash.status_eliminated	ODPADL
dash.offers_prefix	OFERTY
dash.offers_unseen_mark	!
# NEXT MATCH / VIEW RESULT
next.title	NASTEPNY MECZ
result.title	KONIEC MECZU
result.label	WYNIK
# MANAGEMENT RECORD
mrec.title	DOROBEK MENEDZERA
mrec.title_of_prefix	DOROBEK MENEDZERA
mrec.career_over	KONIEC KARIERY
mrec.season	SEZON
mrec.div	DYW
mrec.trophies	TROFEA
mrec.none_yet	JESZCZE BRAK
mrec.history	HISTORIA
mrec.first_season	PIERWSZY SEZON TRWA
# RETIRE CONFIRM
retire.title	EMERYTURA
retire.prompt	ZAKONCZYC KARIERE?
retire.confirm	ZAKONCZ
# PRESET COMPETITIONS
preset.title	GOTOWE ROZGRYWKI
preset.blurb	PRAWDZIWE ROZGRYWKI Z PRAWDZIWYMI ZESPOLAMI
preset.european_cup	PUCHAR EUROPY
preset.uefa_cup	PUCHAR UEFA
preset.cup_winners_cup	PUCHAR ZDOBYWCOW PUCHAROW
preset.world_cup	MISTRZOSTWA SWIATA
preset.european_championship	MISTRZOSTWA EUROPY
preset.copa_america	COPA AMERICA
preset.team_knockout_suffix	DRUZYN PUCHAR
preset.groups_then_knockout_suffix	GRUPY PO 4 POTEM PUCHAR
preset.create	UTWORZ
# SAVE AS / LOAD GAME
save.title	ZAPISZ JAKO
save.hint	WPISZ NAZWE   ENTER OK   ESC ANULUJ
save.saved_as_prefix	ZAPISANO JAKO
load.title	WCZYTAJ GRE
load.delete_mode	TRYB USUWANIA
load.no_saved_games	BRAK ZAPISOW
# STANDINGS / FIXTURES
table.title	TABELA
table.group	GRUPA
fixtures.title	TERMINARZ
# TEAM SETUP
teamcfg.title	USTAW DRUZYNE
teamcfg.team	DRUZYNA
teamcfg.team_home_prefix	DOM
teamcfg.team_away_prefix	WYJAZD
teamcfg.switch_home_away	ZMIEN DOM / WYJAZD
teamcfg.coach	TRENER
# COMPETITION ENGINE
stage.league	LIGA
stage.group_prefix	GRUPA
stage.final	FINAL
stage.semi_final	POLFINAL
stage.quarter_final	CWIERCFINAL
stage.round_of_16	1/8 FINALU
stage.round_of_32	1/16 FINALU
stage.round_of_prefix	RUNDA
stage.cup_prefix	PUCHAR
round.league_round	LIGA - KOLEJKA
round.competition_complete	ROZGRYWKI ZAKONCZONE
round.no_fixtures	BRAK MECZOW
status.no_player_team	BRAK DRUZYNY GRACZA
status.you_are_champion	JESTES MISTRZEM
status.you_are_prefix	JESTES
status.you_are_unplaced	BEZ MIEJSCA
status.you_were_eliminated	ODPADLES
status.you_are_through	AWANS DO NASTEPNEJ RUNDY
status.you_are_in_prefix	JESTES W
status.you_are_in_the_prefix	JESTES W
ord.st	.
ord.nd	.
ord.rd	.
ord.th	.
season.cup_winner	ZWYCIEZCA
season.cup_runner_up	FINALISTA
season.cup_out_in_prefix	ODPADL W
season.cup_out	ODPADL
season.trophy_league	SEZON %d MISTRZ LIGI
season.trophy_cup	SEZON %d ZDOBYWCA PUCHARU
season.history_line	S%d: LIGA %s, PUCHAR %s
season.history_retired	S%d: EMERYTURA
fixture.penalties_mark	K
# CAREER SQUAD
squad.title_suffix	KADRA
squad.default_club	KLUB
squad.player_action	AKCJE ZAWODNIKA
squad.no_player_selected	BRAK ZAWODNIKA
squad.fit_injured	URAZ
# PLAYER ACTION
paction.value_prefix	WARTOSC
paction.time_to_negotiate	CZAS NEGOCJACJI
paction.take_off_list	ZDEJMIJ Z LISTY
paction.put_on_list	DODAJ NA LISTE TRANSFEROWA
paction.give_free_transfer	DAJ WOLNY TRANSFER
paction.off_list_prefix	ZDJETY Z LISTY
paction.listed_prefix	NA LISCIE
paction.list_full_prefix	LISTA PELNA (MAX
# FREE TRANSFER
free.title	WOLNY TRANSFER
free.confirm_prompt	ZWOLNIC %s ZA DARMO?
free.release	ZWOLNIJ
free.released_prefix	ZWOLNIONY
free.squad_too_small	ZA MALA KADRA
free.release_failed	ZWOLNIENIE NIEUDANE
# LINEUP EDITOR
lineup.title	SKLAD DRUZYNY
lineup.auto	AUTO
lineup.hint	GORA/DOL WIERSZ   OGIEN WYBIERZ/ZAMIEN   ESC POWROT
lineup.picked_prefix	WYBRANY
lineup.picked_swap_hint	- OGIEN NA WIERSZ BY ZAMIENIC
lineup.unmarked_prefix	ODZNACZONY
lineup.slot_not_available	MIEJSCE NIEDOSTEPNE
lineup.goal_needs_keeper	BRAMKA WYMAGA BRAMKARZA
lineup.swapped_prefix	ZAMIENIONO
lineup.swapped_and	I
lineup.auto_restored	AUTO SKLAD PRZYWROCONY
lineup.auto_label	AUTO SKLAD
lineup.custom_label	WLASNY SKLAD
lineup.slot	MIEJSCE
lineup.slot_gk	BR
lineup.slot_sub	REZ
# STAFF
staff.title	SZTAB
staff.coach	TRENER
staff.fire_selected	ZWOLNIJ WYBRANEGO
staff.hire_coach	ZATRUDNIJ TRENERA
staff.training_focus	FOKUS TRENINGU
staff.no_coach_selected	BRAK TRENERA
staff.no_coaches	BRAK TRENEROW
# FIRE COACH
firecoach.title	ZWOLNIJ TRENERA
firecoach.coach_not_available	TRENER NIEDOSTEPNY
firecoach.severance_prefix	ODPRAWA
firecoach.fire	ZWOLNIJ
firecoach.fired_prefix	ZWOLNIONY
# HIRE COACH
hire.title	ZATRUDNIJ TRENERA
hire.candidate	KANDYDAT
hire.hire	ZATRUDNIJ
hire.hired_prefix	ZATRUDNIONY
# TRAINING FOCUS
focus.title	FOKUS TRENINGU
focus.toggle	PRZELACZ FOKUS
focus.removed_prefix	USUNIETY
focus.focused_prefix	W FOKUSIE
focus.max_prefix	MAX
focus.max_suffix	ZAWODNIKOW W FOKUSIE
focus.mark	*
# SCOUTING
scout.title	SKAUTING
scout.scout_player	SKAUTUJ ZAWODNIKA
scout.improve_prefix	ULEPSZ SKAUTING
scout.maxed	SKAUTING MAX
scout.unavailable	SKAUTING NIEDOSTEPNY
scout.quality_prefix	JAKOSC SKAUTA
scout.no_watched	BRAK OBSERWOWANYCH
scout.scout_selected	SKAUTUJ WYBRANEGO
scout.scout_prefix	SKAUTUJ
scout.scouted_prefix	ZESKAUTOWANY
scout.cost_prefix	KOSZT
scout.no_players_available	BRAK ZAWODNIKOW
# TRANSFER MARKET
market.title	RYNEK TRANSFEROWY
market.max_price	MAX CENA
market.buy_selected	KUP WYBRANEGO
market.no_player_selected	BRAK ZAWODNIKA
market.free_agent	WOLNY
market.club_fallback_prefix	KLUB
market.price_any	DOWOLNA
market.price_100k	<100K
market.price_250k	<250K
market.price_500k	<500K
market.price_1m	<1M
market.price_2m	<2M
market.price_5m	<5M
market.price_10m	<10M
market.price_over_10m	>=10M
# BUY / NEGOTIATION
buy.title	KUP ZAWODNIKA
buy.asking_prefix	ZADANA
buy.your_bid	TWOJA OFERTA
buy.make_bid	ZLOZ OFERTE
buy.club_unwilling	KLUB NIE CHCE KUPOWAC
buy.no_time	BRAK CZASU NA NEGOCJACJE
buy.enter_a_bid	PODAJ OFERTE
buy.not_enough_money	ZA MALO PIENIEDZY
buy.bought_prefix	KUPIONO
buy.squad_full	KADRA PELNA
buy.transfer_failed	TRANSFER NIEUDANY
buy.counter_prefix	KONTROFERTA
buy.rejected	OFERTA ZA NISKA - ODRZUCONO
# INCOMING OFFERS
offers.title	OFERTY TRANSFEROWE
offers.no_offers	BRAK OFERT
offers.offer	OFERTA
offers.accept	AKCEPTUJ
offers.demand_more	ZADAJ WIECEJ
offers.reject	ODRZUC
offers.header_negotiate_prefix	CZAS NEGOCJACJI
offers.header_sells	SPRZEDAZE
offers.not_available	OFERTA NIEDOSTEPNA
offers.sold_prefix	SPRZEDANO
offers.sold_for	ZA
offers.squad_too_small	ZA MALA KADRA
offers.accept_failed	SPRZEDAZ NIEUDANA
offers.improved_prefix	PODNIESIONO DO
offers.withdrawn	OFERTA WYCOFANA
offers.refused	NIE ZAPLACA WIECEJ
offers.rejected	OFERTA ODRZUCONA
# MATCH HUD / OVERLAYS
hud.half_time	PRZERWA
hud.full_time	KONIEC MECZU
hud.penalties	KARNE
hud.paused	PAUZA
hud.pause_resume_hint	spacja  wznow
hud.pause_quit_hint	ESC    wyjscie do menu
hud.goal	GOL!
hud.throw_in	WRZUT
hud.corner	ROZNY
hud.goal_kick	WYKOP OD BRAMKI
hud.press_space	nacisnij spacje
hud.team_home_fallback	GOSPODARZE
hud.team_away_fallback	GOSCIE
goal.type_penalty	(KARNY)
goal.type_own_goal	(SAM)
# S34 additions
bench.coach	TRENER
bench.coming_on	WCHODZI: {0}
bench.fire_swap	OGIEN WYBOR+WYBOR = ZAMIANA
bench.formation	USTAWIENIE
bench.formation_colon	USTAWIENIE:
bench.help_leave	LEWO/PRAWO OPUSC LAWKE
bench.help_select	GORA/DOL WYBIERZ  OGIEN OK
bench.hold_mark	PRZYTRZYMAJ OGIEN = KRYJ ZAWODNIKA
bench.player_off	SCHODZI:
bench.sub_in_progress	ZMIANA W TOKU...
bench.swap_formation	ZAMIANA / USTAWIENIE:
bench.tag_inj	 KON
bench.tag_off	 [ZDJ]
bench.tag_sub	 [ZMN]
bench.title	LAWKA - {0}
bench.user	GRACZ {0}
career.dash_div_season	DYW {0}  SEZON {1}
career.price_any	DOWOLNA
career.rec_pwdl	M {0}   Z {1}   R {2}   P {3}   BZ {4}   BS {5}
career.rec_season_div	SEZON {0}  {1}  DYW {2}
career.release_confirm	ZWOLNIC {0} ZA DARMO?
career.skill_letters	PSGOKSW
career.title_mr	PAN
career.title_ms	PANI
comp.competition_complete	ROZGRYWKI ZAKONCZONE
comp.cup	PUCHAR
comp.entrants_random	LOSOWO
comp.entrants_same_div	TA SAMA LIGA
comp.entrants_same_nation	TEN SAM KRAJ
comp.league_round	LIGA - KOLEJKA {0}/{1}
comp.name_career	KARIERA
comp.name_cup	PUCHAR
comp.name_league	LIGA
comp.name_tournament	TURNIEJ
comp.no_fixtures	BRAK MECZOW
comp.no_player_team	BRAK DRUZYNY GRACZA
comp.ord_nd	.
comp.ord_rd	.
comp.ord_st	.
comp.ord_th	.
comp.preset_copa_america	COPA AMERICA
comp.preset_cup_winners_cup	PUCHAR ZDOBYWCOW PUCHAROW
comp.preset_european_championship	MISTRZOSTWA EUROPY
comp.preset_european_cup	PUCHAR EUROPY
comp.preset_uefa_cup	PUCHAR UEFA
comp.preset_world_cup	MISTRZOSTWA SWIATA
comp.slot_finished	ZAKONCZONE
comp.slot_no_team	BRAK DRUZYNY
comp.slot_round	RUNDA {0}/{1}
comp.slot_winner	ZWYCIEZCA {0}
comp.stage_final	FINAL
comp.stage_group	GRUPA
comp.stage_league	LIGA
comp.stage_quarter	CWIERCFINAL
comp.stage_r16	1/8 FINALU
comp.stage_r32	1/16 FINALU
comp.stage_round_of	RUNDA
comp.stage_semi	POLFINAL
comp.you_are_pos	JESTES {0}
comp.you_champion	JESTES MISTRZEM
comp.you_eliminated	ODPADLES
comp.you_in	JESTES W {0}
comp.you_in_the	JESTES W {0}
comp.you_through	AWANSUJESZ DO NASTEPNEJ RUNDY
comp.you_unplaced	BEZ MIEJSCA
firstrun.body	BRAK DANYCH GRY SWOS.\n\nOPENSWOS WYMAGA SENSIBLE WORLD OF SOCCER 96/97 (WERSJA AMIGA).\nDWIE OPCJE - POTEM URUCHOM GRE PONOWNIE:\n\n  (A) WRZUC OBRAZY DYSKIETEK AMIGA (*.adf) DO:\n        {0}\n      OPENSWOS WYPAKUJE POTRZEBNE PLIKI PRZY NASTEPNYM STARCIE.\n\n  (B) MASZ JUZ LUZNE PLIKI GRY (NP. INSTALACJA WHDLOAD)?\n      SKOPIUJ JE DO:\n        {1}\n\nOPCJONALNIE: WRZUC FOLDER PC (DOS) DATA DO 'original_swos_pc/' ABY MIEC\nNIECO WIEKSZA LISTE DRUZYN - NIE JEST WYMAGANE I NIE ZMIENIA GRAFIKI.\n\nWCZESNIEJSZE WERSJE SWOS (94/95 ITD.) NIE SA ZGODNE.
menu.team_coach_div	TRENER {0}   DYW {1}
menu.team_div	DYW {0}
menu.versus	  V
nation.continent_africa	AFRYKA
nation.continent_asia	AZJA
nation.continent_europe	EUROPA
nation.continent_north_america	AMERYKA POLNOCNA
nation.continent_oceania	OCEANIA
nation.continent_south_america	AMERYKA POLUDNIOWA
nav.hint_menu	GORA/DOL WYBIERZ   OGIEN OK   ESC POWROT
nav.hint_picker	GORA/DOL PRZEWIN   OGIEN WYBIERZ   ESC ANULUJ
nav.hint_picker_cols	GORA/DOL PRZEWIN   LEWO/PRAWO KOLUMNA   OGIEN WYBIERZ   ESC ANULUJ
nav.hint_stepper	GORA/DOL WYBIERZ   LEWO/PRAWO ZMIEN   OGIEN OK   ESC POWROT
nav.hint_table	GORA/DOL WIERSZ   OGIEN OK   ESC POWROT
opt.commentator	KOMENTATOR
opt.commentator_hint	KOMENTARZ GLOSOWY (TYLKO DZWIEK PC)
opt.display_fullfill	WYPELNIJ EKRAN
opt.display_fullinteger	SKALA CALKOWITA
opt.display_unknown	?
opt.display_windowed	W OKNIE
opt.len_min_whole	{0} MIN REAL  (CALY MECZ)
opt.len_sec_whole	{0}S REAL  (CALY MECZ)
opt.smoothing_sharp	OSTRE
overlay.corner	ROZNY
overlay.fulltime	KONIEC MECZU
overlay.fulltime_body	KONIEC MECZU\n\n{0}  {1} - {2}  {3}\n\nnacisnij spacje
overlay.goal	GOL!
overlay.goalkick	WYKOP OD BRAMKI
overlay.halftime	PRZERWA
overlay.paused	PAUZA\n\nspacja  wznow\nESC    wyjscie do menu
overlay.penalties	KARNE
overlay.throwin	WRZUT
pos.a	N
pos.d	O
pos.gk	BR
pos.lb	LO
pos.lw	LS
pos.m	P
pos.none	--
pos.rb	PO
pos.rw	PS
pos.unknown	?
result.away	GOSCIE
result.home	GOSPODARZE
result.og	(SAM)
result.pen	(KARNY)
scout.notice_maxed	SKAUTING MAX
scout.notice_no_money	ZA MALO PIENIEDZY
scout.notice_player_unavailable	ZAWODNIK NIEDOSTEPNY
scout.notice_unavailable	SKAUTING NIEDOSTEPNY
staff.notice_coach_unavailable	TRENER NIEDOSTEPNY
staff.notice_focus_full	FOKUS PELNY
staff.notice_full	SZTAB PELNY
staff.notice_no_money	ZA MALO PIENIEDZY
staff.notice_player_unavailable	ZAWODNIK NIEDOSTEPNY
staff.notice_unavailable	SZTAB NIEDOSTEPNY
staff.spec_attack	ATAK
staff.spec_defence	OBRONA
staff.spec_general	OGOLNY
staff.spec_youth	MLODZIEZ
# FINANCES (career depth plan feature 1)
dash.finances	FINANSE
fin.title	FINANSE
fin.show_history	SEZON PO SEZONIE
fin.show_sheet	TEN SEZON
fin.no_season	BRAK ZAKONCZONEGO SEZONU
fin.drawn_up	BILANS POWSTAJE NA KONIEC SEZONU
fin.col_season	SEZON
fin.col_league	LIGA
fin.col_cup	PUCHAR
fin.col_income	PRZYCHOD
fin.col_wages	PENSJE
fin.col_balance	SALDO
fin.season	SEZON
fin.league	LIGA
fin.cup	PUCHAR
fin.home_games	MECZE U SIEBIE
fin.crowd	WIDZOW
fin.row.opening	SALDO NA POCZATEK SEZONU:
fin.row.gate	WPLYWY Z BILETOW:
fin.row.bonuses	PREMIE + PRAWA TV:
fin.row.sponsor	SPONSORING OD SENSISOFT PLC:
fin.row.invest	DODATKOWA INWESTYCJA PREZESA:
fin.row.invest_new	DODATKOWA INWESTYCJA NOWEGO PREZESA:
fin.row.wages	PENSJE ZAWODNIKOW:
fin.row.profit	ZYSK CALKOWITY:
fin.row.loss	STRATA CALKOWITA:
fin.row.closing	NOWE SALDO:
fin.row.sales	SPRZEDAZ ZAWODNIKOW:
fin.row.purchases	ZAKUPY ZAWODNIKOW:
# THE CHAIRMAN (career depth plan feature 2)
dash.chairman	PREZES
dash.status_sacked	ZWOLNIONY
chair.title	PREZES
chair.memo	PISMO
chair.none	BRAK PISM
chair.memo_header	PISMO OD PREZESA KLUBU
chair.memo_sign	TWOJ PREZES
chair.earlier	WCZESNIEJSZE PISMA
opt.board	ZARZAD
opt.board_hint	JAK SZYBKO PREZES CIE ZWOLNI W KARIERZE
opt.board_patient	CIERPLIWY
opt.board_normal	NORMALNY
opt.board_ruthless	BEZWZGLEDNY
chair.verdict0.1	BRAWO %a, WYKONALES SWIETNA ROBOTE
chair.verdict0.2	W TYM SEZONIE I WSZYSCY TO DOCENIAMY
chair.verdict1.1	DOBRY SEZON %a, JESTESMY BARDZO
chair.verdict1.2	ZADOWOLENI, TAK TRZYMAJ
chair.verdict2.1	SEZON ZE WZLOTAMI I UPADKAMI %a, LICZYMY
chair.verdict2.2	ZE WKROTCE SIE TO POPRAWI
chair.verdict3.1	NIEZBYT DOBRY SEZON %a, MAMY NADZIEJE
chair.verdict3.2	NA POPRAWE WYNIKOW W PRZYSZLYM SEZONIE
chair.verdict4.1	BARDZO ROZCZAROWUJACY SEZON %a, ZADAMY
chair.verdict4.2	DUZO WIECEJ W PRZYSZLYM SEZONIE
chair.sacked_league.1	Z WIELKIM ZALEM ZARZAD I JA
chair.sacked_league.2	POSTANOWILISMY ZWOLNIC CIE ZE STANOWISKA
chair.not_renewed.1	Z WIELKIM ZALEM POSTANOWILISMY NIE
chair.not_renewed.2	PRZEDLUZAC KONTRAKTU NA NASTEPNY SEZON - POWODZENIA
chair.not_renewed.3	I LICZYMY, ZE WKROTCE SIE ZOBACZYMY
chair.league_note.1	ZWROC UWAGE NA NASZA POZYCJE W LIDZE
chair.league_note.2	I ZADBAJ O JEJ POPRAWE JAK NAJSZYBCIEJ
chair.league_warn.1	PAMIETAJ, JESLI NASZA POZYCJA SIE NIE POPRAWI
chair.league_warn.2	BEDZIEMY MUSIELI ROZWAZYC TWOJE STANOWISKO
chair.league_crisis.1	PO GLOSOWANIU NAD WOTUM ZAUFANIA MASZ NIE WIECEJ NIZ
chair.league_crisis.2	3 MECZE NA ODWROCENIE SYTUACJI ALBO ZOSTANIESZ ZWOLNIONY
chair.money_note.1	ZWROC UWAGE NA STAN NASZEGO KONTA
chair.money_note.2	I ZADBAJ O SPLATE DEBETU JAK NAJSZYBCIEJ
chair.money_warn.1	PRZYPOMINAM O SPRAWIE DEBETU NA KONCIE
chair.money_warn.2	INACZEJ BEDZIEMY MUSIELI ROZWAZYC TWOJE STANOWISKO
chair.money_crisis.1	PO KRYZYSOWYM POSIEDZENIU ZARZADU ZADAMY
chair.money_crisis.2	NATYCHMIASTOWEJ SPLATY DEBETU ALBO ZWOLNIENIA
chair.new_season.1	PARE SLOW Z ZYCZENIAMI POWODZENIA W
chair.new_season.2	NOWYM SEZONIE
chair.embargo_buy.1	PRZYKRO MI %a, ALE KLUB NIE ZAMIERZA
chair.embargo_buy.2	KUPOWAC WIECEJ ZAWODNIKOW W TYM SEZONIE
chair.embargo_sell.1	ZWROC UWAGE %a, ZE NIE POZWOLIMY
chair.embargo_sell.2	NA WIECEJ SPRZEDAZY ZAWODNIKOW W TYM SEZONIE
chair.sacked_money.1	Z WIELKIM ZALEM ZARZAD I JA
chair.sacked_money.2	POSTANOWILISMY ZWOLNIC CIE ZE STANOWISKA
# JOB OFFERS (career depth plan feature #3)
job.title	OFERTY PRACY
job.none	BRAK OFERT PRACY
job.offer	OFERTA
job.accept	PRZYJMIJ
job.decline	ODRZUC
job.declined	OFERTA ODRZUCONA
job.not_available	OFERTA NIEDOSTEPNA
job.signed_prefix	UZGODNIONO Z
job.new_job	NOWA POSADA
job.reputation	RENOMA
job.rep_world	SWIATOWA KLASA
job.rep_high	WYSOKO CENIONY
job.rep_good	SZANOWANY
job.rep_known	ZNANY
job.rep_unproven	NIESPRAWDZONY
job.rep_unwanted	NIECHCIANY
job.division	LIGA
job.squad	KADRA
job.letter_header	OFERTA PRACY OD %a
job.letter.1	SZANOWNY PANIE/PANI
job.letter.2	MY W %a CHCIELIBYSMY ZAOFEROWAC PANU
job.letter.3	POSADE TRENERA W NASZYM KLUBIE NA NOWY SEZON
job.letter.4	OFERUJEMY BARDZO DOBRE WYNAGRODZENIE ORAZ
job.letter.5	MAMY NADZIEJE ZAPEWNIC SRODKI
job.letter.6	W OKOLICACH %b NA WZMOCNIENIE ZESPOLU
job.letter.7	CZEKAMY NA PANSKA ODPOWIEDZ
job.accepted_note	PRZYJALES - PRZEJSCIE NASTAPI W NOWYM SEZONIE
job.waiting_prefix	BEDA CZEKAC JESZCZE
job.waiting_suffix	MECZOW
job.accepted.1	MY W %a JESTESMY ZACHWYCENI ZE
job.accepted.2	PRZYJALES POSADE TRENERA W NASZYM KLUBIE
job.accepted.3	OD POCZATKU PRZYSZLEGO SEZONU
job.farewell.1	DZIEKUJEMY ZA WSZYSTKO %a, ZYCZYMY
job.farewell.2	POWODZENIA W NOWEJ PRACY
job.welcome.1	WITAJ %a, LICZYMY NA WIELE
job.welcome.2	SUKCESOW Z NASZEJ NOWEJ WSPOLPRACY
job.withdrawn.1	OFERTA PRACY OD %a WYCOFANA
# board expectation line (feature #2 follow-up)
chair.expected	ZARZAD OCZEKIWAL
chair.of	Z
chair.finished	ZAJALES
chair.expects	ZARZAD OCZEKUJE
# NATIONAL TEAM JOB (career depth plan feature #4)
natjob.entry	REPREZENTACJA
natjob.entry_offer	MIEDZYNARODOWA OFERTA PRACY
natjob.title	REPREZENTACJA
natjob.title_offer	MIEDZYNARODOWA OFERTA PRACY
natjob.player	ZAWODNIK
natjob.add	DODAJ ZAWODNIKA
natjob.remove	USUN ZAWODNIKA
natjob.auto	WYBOR AUTOMATYCZNY
natjob.resign	ZREZYGNUJ
natjob.full	KADRA PELNA
natjob.appointed	SELEKCJONER
natjob.none	BRAK POSADY W REPREZENTACJI
natjob.no_players	BRAK ZAWODNIKOW
natjob.squad_word	KADRA
natjob.rating	OCENA
natjob.home	W KRAJU
natjob.abroad	ZA GRANICA
natjob.col_name	NAZWISKO
natjob.col_pos	POZ
natjob.col_ovr	OGL
natjob.col_where	GDZIE
natjob.col_club	KLUB
natjob.letter_header	MIEDZYNARODOWA OFERTA PRACY OD %a
natjob.offer.1	CZLONKOWIE KOMITETU PILKARSKIEGO
natjob.offer.2	%a CHCA ZAOFEROWAC PANU POSADE
natjob.offer.3	SELEKCJONERA REPREZENTACJI
natjob.offer.4	OBIECUJEMY DOSKONALE WYNAGRODZENIE ORAZ
natjob.offer.5	KONTRAKT ODNAWIANY CO ROKU
natjob.offer.6	CZEKAMY NA PANSKA ODPOWIEDZ
natjob.accepted.1	CZLONKOWIE KOMITETU PILKARSKIEGO
natjob.accepted.2	%a SA ZACHWYCENI, ZE PRZYJAL PAN
natjob.accepted.3	POSADE SELEKCJONERA REPREZENTACJI
natjob.ended.1	CZLONKOWIE KOMITETU PILKARSKIEGO
natjob.ended.2	%a POSTANOWILI NIE ODNAWIAC
natjob.ended.3	PANSKIEGO ROCZNEGO KONTRAKTU
# TOP SCORERS (career depth plan feature #5) + PLEASE WAIT
busy.title	PROSZE CZEKAC
busy.new_career	TWORZENIE SWIATA
busy.next_season	TRWA LATO
dash.scorers	KROL STRZELCOW
scorer.title	KROLOWIE STRZELCOW
scorer.view	LISTA
scorer.page	STRONA
scorer.view_comp	ROZGRYWKI
scorer.view_club	MOJ KLUB
scorer.view_history	SEZON PO SEZONIE
scorer.leading	NAJLEPSI STRZELCY ROZGRYWEK
scorer.goals	GOLE
scorer.own_goals	GOLE SAMOBOJCZE
scorer.ex_player	GOLE BYLYCH ZAWODNIKOW
scorer.career_total	LACZNIE W KARIERZE
scorer.season	SEZON
scorer.season_top	KROL STRZELCOW SEZONU
scorer.season_top_plural	KROLOWIE STRZELCOW SEZONU
scorer.no_goals	BRAK GOLI W TYM SEZONIE
scorer.no_seasons	ZADEN SEZON NIE ZOSTAL UKONCZONY
# CAREER DASHBOARD SECTIONS (3-column layout)
dash.sec_match	MECZ
dash.sec_team	DRUZYNA
dash.sec_club	KLUB
dash.sec_game	GRA
nav.hint_cols	GORA/DOL WYBOR   LEWO/PRAWO KOLUMNA   OGIEN OK   ESC POWROT
# TRAINING / CLUB DIARY / YOUTH INTAKE / CLUB RECORDS (2026-08-26)
dash.training	TRENING
dash.chronicle	KRONIKA KLUBU
dash.legends	REKORDY KLUBU
busy.training	TRENING
train.title	TRENING
train.drill	CWICZENIE
train.intensity	INTENSYWNOSC
train.toggle	DODAJ / USUN
train.auto	WYBIERZ AUTO
train.auto_done	GRUPA WYBRANA WG POTENCJALU
train.run	PRZEPROWADZ TRENING
train.report	OSTATNI RAPORT
train.report_title	RAPORT Z TRENINGU
train.ready	TRENING GOTOWY
train.closed	BRAK TRENINGU MIEDZY SEZONAMI
train.done_week	JUZ TRENOWALES W TYM TYGODNIU - NASTEPNY PO MECZU
train.coach	TRENER
train.trains	ROZWIJA
train.trains_fitness	KONDYCJA
train.trains_keeper	GRA BRAMKARSKA
train.col_in	W
train.col_con	KON
train.col_shp	FOR
train.col_room	ZAPAS
train.col_grade	OCENA
train.col_gain	POSTEP
train.group_full	GRUPA PELNA - MAX
train.no_report	NIE PRZEPROWADZONO JESZCZE TRENINGU
train.injured	KONTUZJA NA TRENINGU
train.potential_up	SUFIT PODNIESIONY
train.int_0	LEKKA
train.int_1	NORMALNA
train.int_2	INTENSYWNA
train.grade_0	SLABO
train.grade_1	OK
train.grade_2	DOBRZE
train.grade_3	SWIETNIE
train.drill_shooting	TRENING STRZALOW
train.drill_finishing	WYKANCZANIE AKCJI
train.drill_passing	PODANIA I DOSRODKOWANIA
train.drill_control	TOR SLALOMOWY
train.drill_pace	SPRINTY I WAHADLOWKI
train.drill_heading	GRA GLOWA
train.drill_defending	OBRONA I ODBIOR
train.drill_keeper	TRENING BRAMKARZY
train.drill_recovery	REGENERACJA I KONDYCJA
skill.passing	PODANIE
skill.shooting	STRZAL
skill.heading	GLOWKA
skill.tackling	ODBIOR
skill.control	PRZYJECIE
skill.speed	SZYBKOSC
skill.finishing	WYKONCZENIE
chron.title	KRONIKA KLUBU
chron.season	SEZON
chron.all	WSZYSTKO
chron.empty	NIC SIE JESZCZE NIE WYDARZYLO
chron.apps	%a ROZEGRAL %0 MECZ DLA KLUBU
chron.goals	%a STRZELIL %0 GOLA DLA KLUBU
chron.training	TRENING: %a, INTENSYWNOSC %b
chron.training_break	%0 ZAWODNIK(OW) PRZEBILO SWOJ SUFIT
chron.breakthrough	%a TRENUJE PONAD SWOJE MOZLIWOSCI
chron.train_injury	%a NABAWIL SIE KONTUZJI NA TRENINGU
chron.intake	AKADEMIA WYDALA %0 ZAWODNIKOW
chron.league_won	%a MISTRZEM LIGI
chron.league_pos	MIEJSCE %a W LIDZE
chron.cup_won	%a ZDOBYWA PUCHAR
chron.topscorer	KROL STRZELCOW: %a Z %0
chron.signed	KUPIONO %a ZA %b
chron.sold	SPRZEDANO %a ZA %b
chron.released	%a ZWOLNIONY ZA DARMO
chron.sacked	ZWOLNIONY PRZEZ %a
chron.verdict	ZARZAD OCENIL SEZON: %a
chron.big_win	WYGRANA Z %a %b
chron.big_loss	PORAZKA %b Z %a
chron.win_run	%0 ZWYCIESTW Z RZEDU
chron.unbeaten	%0 MECZOW BEZ PORAZKI
chron.winless	%0 MECZOW BEZ WYGRANEJ
youth.entry	MLODZIEZ
youth.title	NABOR MLODZIEZY
youth.none	AKADEMIA NIKOGO NIE WYDALA TEGO LATA
youth.header	RAPORT AKADEMII - SKAUCI DAJA PRZEDZIAL, NIE LICZBE
youth.col_est	OCENA SKAUTA
youth.promote	DODAJ DO GRUPY TRENINGOWEJ
youth.release	ZWOLNIJ
youth.released	ZWOLNIONY
youth.added	DODANY DO TRENINGU
youth.already	JUZ JEST W GRUPIE
youth.cannot_release	ZA MALO ZAWODNIKOW W KADRZE
legend.title	REKORDY KLUBU
legend.header	WYSTEPY WSZECH CZASOW
legend.empty	BRAK UKONCZONEGO SEZONU W TYM KLUBIE
legend.col_apps	MEC
legend.col_goals	GOL
legend.col_last	OST
legend.still	TU
