key	sv
# COMMON
common.back	TILLBAKA
common.continue	FORTSATT
common.cancel	AVBRYT
common.ok	OK
common.on	PA
common.off	AV
common.na	-
common.none	INGEN
common.versus	V
common.page	SIDA
common.previous_page	FOREG SIDA
common.next_page	NASTA SIDA
common.no_career_data	INGEN KARRIARDATA
common.no_squad_data	INGEN TRUPPDATA
common.player_not_available	SPELARE EJ TILLGANGLIG
common.player	SPELARE
common.budget	BUDGET
common.sort	SORTERA
common.sort_by	SORTERA EFTER
common.value	VARDE
common.skill	SKICKL
common.age	ALDER
common.money_thousands_suffix	K
common.money_millions_suffix	M
# TABLE COLUMN HEADERS
col.pos	POS
col.team	LAG
col.name	NAMN
col.number	NR
col.number_hash	#
col.p	S
col.w	V
col.d	O
col.l	F
col.gf	GM
col.ga	IM
col.pts	P
col.skl	SKL
col.skill	SKICKL
col.pot	POT
col.sta	KOND
col.form	F
col.fit	FIT
col.val	VAR
col.nat	NAT
col.club	KLUBB
col.price	PRIS
col.spec	SPEC
col.quality	K
col.wage	LON
col.fee	AVG
col.amount	BELOPP
col.exp	GAR
col.skill_row	PA TA SK NI KO SN AV
# HOME
home.title	O P E N   S W O S
home.play_match	SPELA MATCH
home.competitions	TAVLINGAR
home.multiplayer	FLERSPELARE
home.team_setup	LAGUPPSTALLNING
home.options	INSTALLNINGAR
home.career	KARRIAR
home.exit	AVSLUTA
home.credit	AV GRZEGORZ KORYCKI
home.continue_prefix	FORTSATT:
# QUIT
quit.title	AVSLUTA
quit.are_you_sure	AR DU SAKER?
quit.quit_to_windows	AVSLUTA TILL WINDOWS
quit.return_to_game	ATER TILL SPEL
# FRIENDLY
friendly.title	TRANINGSMATCH
friendly.home	HEMMA
friendly.away	BORTA
friendly.swap_teams	BYT LAG
friendly.pitch	PLAN
friendly.opponent	MOTSTANDARE
friendly.half_length	HALVLEK
friendly.game_speed	SPELHASTIGHET
friendly.kick_off	AVSPARK
friendly.context	TRANINGSMATCH
# VERSUS
versus.play	SPELA
versus.view_result	VISA RESULTAT
# STADIUM
stadium.title	LAG
stadium.kick_off	AVSPARK
stadium.edit_lineup	ANDRA LAG
# OPTIONS
opt.title	INSTALLNINGAR
opt.page	SIDA
opt.language	SPRAK
opt.half_length	HALVLEK
opt.game_speed	SPELHASTIGHET
opt.opponent	MOTSTANDARE
opt.pitch	PLAN
opt.skill_scaling	SKICKLIGHETSSKALA
opt.skill_scaling_hint	TROGEN SWOS SPELARPRIS-SKICKLIGHETSSKALA
opt.all_teams_equal	ALLA LAG LIKA
opt.all_teams_equal_hint	JAMNAR UT LAGSTYRKA FOR SPELARLAG
opt.pre_match_menus	FORMATCH-MENYER
opt.player_fatigue	SPELARTROTTHET
opt.energy_bar	ENERGIMATARE
opt.music	MUSIK
opt.music_hint	AMIGA / PC / EGEN MENYMUSIK
opt.sound	LJUD
opt.sound_hint	PC ELLER AMIGA MATCHLJUD
opt.display	SKARM
opt.display_hint	F11 VAXLAR  ALT+ENTER FULLSKARM
# OPTION VALUES
val.pitch_none	(INGEN)
val.pitch_random	SLUMP
val.opponent_ai	AI
val.opponent_player2	SPELARE 2  (WASD)
val.opponent_demo	DEMO  (AI V AI)
val.sound_amiga	AMIGA
val.sound_pc	PC
val.music_custom	EGEN
val.music_off	AV
val.length_whole_match_seconds	%dS RIKTIG  (HELA MATCHEN)
val.length_whole_match_minutes	%d MIN RIKTIG  (HELA MATCHEN)
val.display_windowed	FONSTER
val.display_full_fill	FULL FYLL
val.display_full_integer	FULL HELTAL
# LOCAL MULTIPLAYER
mp.title	LOKAL FLERSPELARE
mp.controls_hint	SPELARE 1: PILAR+MELLANSLAG   SPELARE 2: WASD+SHIFT
mp.start	STARTA 2-SPELARMATCH
# PICKERS
pick.continent	KONTINENT
pick.country	LAND
pick.your_team	DITT LAG
pick.all_countries	ALLA LANDER
pick.all	ALLA
pick.select_country	VALJ LAND
pick.select_continent	VALJ KONTINENT
pick.select_your_team	VALJ DITT LAG
pick.home_team	HEMMALAG
pick.away_team	BORTALAG
pick.nothing_to_choose	INGET ATT VALJA
pick.item	POST
pick.more_down	MER v
# DRAW CEREMONY
draw.title_suffix	LOTTNING
# PLAY AGAIN
playagain.title	FULLTID
playagain.play_again	SPELA IGEN
playagain.exit	AVSLUTA
# COMPETITIONS HUB
comp.title	TAVLINGAR
comp.new_league	NY LIGA
comp.new_cup	NY CUP
comp.new_tournament	NY TURNERING
comp.preset_competition	FARDIG TAVLING
comp.new_career	NY KARRIAR
comp.load_game	LADDA SPEL
# LEAGUE / CUP / TOURNAMENT SETUP
setup.league_title	NY LIGA
setup.cup_title	NY CUP
setup.tournament_title	NY TURNERING
setup.size	STORLEK
setup.teams_suffix	LAG
setup.entrants	DELTAGARE
setup.entrants_same_division	SAMMA DIVISION
setup.entrants_same_nation	SAMMA LAND
setup.entrants_random	SLUMP
setup.rounds	OMGANGAR
setup.rounds_single	ENKEL
setup.rounds_double	DUBBEL
setup.groups	GRUPPER
setup.groups_of_4_suffix	GRUPPER OM 4
setup.create_league	SKAPA LIGA
setup.create_cup	SKAPA CUP
setup.create_tournament	SKAPA TURNERING
# CAREER SETUP
career.title	NY KARRIAR
career.blurb_seasons	LIGA OCH INHEMSK CUP VARJE SASONG
career.blurb_promotion	VINN LIGAN FOR UPPFLYTTNING, SIST ATER NER
career.start	STARTA KARRIAR
# MANAGER NAME ENTRY
mgr.title	MANAGERNAMN
mgr.hint	SKRIV NAMN   VANSTER/HOGER TITEL   ENTER OK   ESC AVBRYT
mgr.title_row	TITEL
mgr.title_mr	HERR
mgr.title_ms	FRU
mgr.default_name	SPELARE
# COMPETITION DASHBOARD
dash.play_next_match	SPELA NASTA MATCH
dash.continue	FORTSATT
dash.next_season	NASTA SASONG
dash.table	TABELL
dash.fixtures	MATCHER
dash.squad	TRUPP
dash.lineup	LAGUPPSTALLNING
dash.transfers	OVERGANGAR
dash.staff	PERSONAL
dash.scouting	SCOUTING
dash.record	MERITER
dash.save_as	SPARA SOM
dash.retire	AVGA
dash.abandon	OVERGE
dash.management_record	MANAGERMERITER
dash.status_retired	AVGATT
dash.status_champions	MASTARE:
dash.status_eliminated	UTSLAGEN
dash.offers_prefix	BUD
dash.offers_unseen_mark	!
# NEXT MATCH / VIEW RESULT
next.title	NASTA MATCH
result.title	FULLTID
result.label	RESULTAT
# MANAGEMENT RECORD
mrec.title	MANAGERMERITER
mrec.title_of_prefix	MANAGERMERITER FOR
mrec.career_over	KARRIAR SLUT
mrec.season	SASONG
mrec.div	DIV
mrec.trophies	TROFEER
mrec.none_yet	INGA AN
mrec.history	HISTORIK
mrec.first_season	FORSTA SASONGEN PAGAR
# RETIRE CONFIRM
retire.title	AVGA
retire.prompt	AVGA FRAN MANAGERJOBBET?
retire.confirm	AVGA
# PRESET COMPETITIONS
preset.title	FARDIG TAVLING
preset.blurb	RIKTIGA TAVLINGAR MED RIKTIGA LAG
preset.european_cup	EUROPACUPEN
preset.uefa_cup	UEFA-CUPEN
preset.cup_winners_cup	CUPVINNARCUPEN
preset.world_cup	VARLDSMASTERSKAPET
preset.european_championship	EUROPAMASTERSKAPET
preset.copa_america	COPA AMERICA
preset.team_knockout_suffix	LAG UTSLAGNING
preset.groups_then_knockout_suffix	GRUPPER OM 4 SEDAN UTSLAGNING
preset.create	SKAPA
# SAVE AS / LOAD GAME
save.title	SPARA SOM
save.hint	SKRIV NAMN   ENTER OK   ESC AVBRYT
save.saved_as_prefix	SPARAT SOM
load.title	LADDA SPEL
load.delete_mode	RADERINGSLAGE
load.no_saved_games	INGA SPARADE SPEL
# STANDINGS / FIXTURES
table.title	TABELL
table.group	GRUPP
fixtures.title	MATCHER
# TEAM SETUP
teamcfg.title	LAGUPPSTALLNING
teamcfg.team	LAG
teamcfg.team_home_prefix	HEMMA
teamcfg.team_away_prefix	BORTA
teamcfg.switch_home_away	VAXLA HEMMA / BORTA
teamcfg.coach	TRANARE
# COMPETITION ENGINE
stage.league	LIGA
stage.group_prefix	GRUPP
stage.final	FINAL
stage.semi_final	SEMIFINAL
stage.quarter_final	KVARTSFINAL
stage.round_of_16	ATTONDELSFINAL
stage.round_of_32	SEXTONDELSFINAL
stage.round_of_prefix	OMGANG AV
stage.cup_prefix	CUP
round.league_round	LIGA - OMGANG
round.competition_complete	TAVLING KLAR
round.no_fixtures	INGA MATCHER
status.no_player_team	INGET SPELARLAG
status.you_are_champion	DU AR MASTARE
status.you_are_prefix	DU AR
status.you_are_unplaced	DU AR OPLACERAD
status.you_were_eliminated	DU BLEV UTSLAGEN
status.you_are_through	DU AR VIDARE TILL NASTA OMGANG
status.you_are_in_prefix	DU AR I
status.you_are_in_the_prefix	DU AR I
ord.st	:A
ord.nd	:A
ord.rd	:E
ord.th	:E
season.cup_winner	VINNARE
season.cup_runner_up	TVAA
season.cup_out_in_prefix	UT I
season.cup_out	UT
season.trophy_league	SASONG %d LIGAMASTARE
season.trophy_cup	SASONG %d CUPVINNARE
season.history_line	S%d: LIGA %s, CUP %s
season.history_retired	S%d: AVGATT
fixture.penalties_mark	S
# CAREER SQUAD
squad.title_suffix	TRUPP
squad.default_club	KLUBB
squad.player_action	SPELARATGARD
squad.no_player_selected	INGEN SPELARE VALD
squad.fit_injured	SKA
# PLAYER ACTION
paction.value_prefix	VARDE
paction.time_to_negotiate	TID ATT FORHANDLA
paction.take_off_list	TA BORT FRAN LISTA
paction.put_on_list	SATT PA OVERGANGSLISTA
paction.give_free_transfer	GE FRI OVERGANG
paction.off_list_prefix	AV LISTA
paction.listed_prefix	LISTAD
paction.list_full_prefix	LISTA FULL (MAX
# FREE TRANSFER
free.title	FRI OVERGANG
free.confirm_prompt	SLAPP %s GRATIS?
free.release	SLAPP
free.released_prefix	SLAPPT
free.squad_too_small	TRUPP FOR LITEN
free.release_failed	SLAPP MISSLYCKADES
# LINEUP EDITOR
lineup.title	LAGUPPSTALLNING
lineup.auto	AUTO
lineup.hint	UPP/NER RAD   ELD VALJ/BYT   ESC TILLBAKA
lineup.picked_prefix	VALD
lineup.picked_swap_hint	- ELD PA EN RAD FOR BYTE
lineup.unmarked_prefix	AVMARKERAD
lineup.slot_not_available	PLATS EJ TILLGANGLIG
lineup.goal_needs_keeper	MALPLATS KRAVER MALVAKT
lineup.swapped_prefix	BYTT
lineup.swapped_and	OCH
lineup.auto_restored	AUTOUPPSTALLNING ATERSTALLD
lineup.auto_label	AUTOUPPSTALLNING
lineup.custom_label	EGEN UPPSTALLNING
lineup.slot	PLATS
lineup.slot_gk	MV
lineup.slot_sub	AVB
# STAFF
staff.title	PERSONAL
staff.coach	TRANARE
staff.fire_selected	SPARKA VALD
staff.hire_coach	ANSTALL TRANARE
staff.training_focus	TRANINGSFOKUS
staff.no_coach_selected	INGEN TRANARE VALD
staff.no_coaches	INGA TRANARE
# FIRE COACH
firecoach.title	SPARKA TRANARE
firecoach.coach_not_available	TRANARE EJ TILLGANGLIG
firecoach.severance_prefix	AVGANGSVEDERLAG
firecoach.fire	SPARKA
firecoach.fired_prefix	SPARKAD
# HIRE COACH
hire.title	ANSTALL TRANARE
hire.candidate	KANDIDAT
hire.hire	ANSTALL
hire.hired_prefix	ANSTALLD
# TRAINING FOCUS
focus.title	TRANINGSFOKUS
focus.toggle	VAXLA FOKUS
focus.removed_prefix	BORTTAGEN
focus.focused_prefix	FOKUSERAD
focus.max_prefix	MAX
focus.max_suffix	FOKUSSPELARE
focus.mark	*
# SCOUTING
scout.title	SCOUTING
scout.scout_player	SCOUTA SPELARE
scout.improve_prefix	FORBATTRA SCOUTING
scout.maxed	SCOUTING MAX
scout.unavailable	SCOUTING EJ TILLGANGLIG
scout.quality_prefix	SCOUTKVALITET
scout.no_watched	INGA BEVAKADE SPELARE
scout.scout_selected	SCOUTA VALD
scout.scout_prefix	SCOUTA
scout.scouted_prefix	SCOUTAD
scout.cost_prefix	KOSTNAD
scout.no_players_available	INGA SPELARE TILLGANGLIGA
# TRANSFER MARKET
market.title	OVERGANGSMARKNAD
market.max_price	MAXPRIS
market.buy_selected	KOP VALD
market.no_player_selected	INGEN SPELARE VALD
market.free_agent	FRI AGENT
market.club_fallback_prefix	KLUBB
market.price_any	ALLA
market.price_100k	<100K
market.price_250k	<250K
market.price_500k	<500K
market.price_1m	<1M
market.price_2m	<2M
market.price_5m	<5M
market.price_10m	<10M
market.price_over_10m	>=10M
# BUY / NEGOTIATION
buy.title	KOP SPELARE
buy.asking_prefix	BEGAR
buy.your_bid	DITT BUD
buy.make_bid	LAGG BUD
buy.club_unwilling	KLUBBEN VILL EJ KOPA SPELARE
buy.no_time	INGEN TID KVAR ATT FORHANDLA
buy.enter_a_bid	ANGE ETT BUD
buy.not_enough_money	INTE NOG PENGAR
buy.bought_prefix	KOPT
buy.squad_full	TRUPP FULL
buy.transfer_failed	OVERGANG MISSLYCKADES
buy.counter_prefix	DE MOTBJUDER MED
buy.rejected	BUD FOR LAGT - AVSLAGET
# INCOMING OFFERS
offers.title	OVERGANGSBUD
offers.no_offers	INGA BUD
offers.offer	BUD
offers.accept	ACCEPTERA
offers.demand_more	KRAV MER
offers.reject	AVSLA
offers.header_negotiate_prefix	TID ATT FORHANDLA
offers.header_sells	SALJ
offers.not_available	BUD EJ TILLGANGLIGT
offers.sold_prefix	SALD
offers.sold_for	FOR
offers.squad_too_small	TRUPP FOR LITEN
offers.accept_failed	ACCEPT MISSLYCKADES
offers.improved_prefix	HOJT TILL
offers.withdrawn	BUD ATERKALLAT
offers.refused	DE VAGRAR BETALA MER
offers.rejected	BUD AVSLAGET
# MATCH HUD / OVERLAYS
hud.half_time	HALVTID
hud.full_time	FULLTID
hud.penalties	STRAFFAR
hud.paused	PAUSAT
hud.pause_resume_hint	mellanslag  fortsatt
hud.pause_quit_hint	ESC    avsluta till meny
hud.goal	MAL!
hud.throw_in	INKAST
hud.corner	HORNA
hud.goal_kick	INSPARK
hud.press_space	tryck mellanslag
hud.team_home_fallback	HEMMA
hud.team_away_fallback	BORTA
goal.type_penalty	(STR)
goal.type_own_goal	(SJM)
# S34 additions
bench.coach	TRANARE
bench.coming_on	KOMMER IN: {0}
bench.fire_swap	ELD VALJ+VALJ = BYT
bench.formation	FORMATION
bench.formation_colon	FORMATION:
bench.help_leave	VANSTER/HOGER LAMNA BANK
bench.help_select	UPP/NED VALJ  ELD OK
bench.hold_mark	HALL ELD = MARKERA SPELARE
bench.player_off	SPELARE UT:
bench.sub_in_progress	BYTE PAGAR...
bench.swap_formation	BYT / FORMATION:
bench.tag_inj	 SKA
bench.tag_off	 [UT]
bench.tag_sub	 [AVB]
bench.title	BANK - {0}
bench.user	ANVANDARE {0}
career.dash_div_season	DIV {0}  SASONG {1}
career.price_any	ALLA
career.rec_pwdl	S {0}   V {1}   O {2}   F {3}   GM {4}   IM {5}
career.rec_season_div	SASONG {0}  {1}  DIV {2}
career.release_confirm	SLAPP {0} GRATIS?
career.skill_letters	PFNTKSA
career.title_mr	HERR
career.title_ms	FRU
comp.competition_complete	TAVLING KLAR
comp.cup	CUP
comp.entrants_random	SLUMP
comp.entrants_same_div	SAMMA DIVISION
comp.entrants_same_nation	SAMMA LAND
comp.league_round	LIGA - OMGANG {0}/{1}
comp.name_career	KARRIAR
comp.name_cup	CUP
comp.name_league	LIGA
comp.name_tournament	TURNERING
comp.no_fixtures	INGA MATCHER
comp.no_player_team	INGET SPELARLAG
comp.ord_nd	:A
comp.ord_rd	:E
comp.ord_st	:A
comp.ord_th	:E
comp.preset_copa_america	COPA AMERICA
comp.preset_cup_winners_cup	CUPVINNARCUPEN
comp.preset_european_championship	EUROPAMASTERSKAPET
comp.preset_european_cup	EUROPACUPEN
comp.preset_uefa_cup	UEFA-CUPEN
comp.preset_world_cup	VARLDSMASTERSKAPET
comp.slot_finished	KLAR
comp.slot_no_team	INGET LAG
comp.slot_round	OMGANG {0}/{1}
comp.slot_winner	VINNARE {0}
comp.stage_final	FINAL
comp.stage_group	GRUPP
comp.stage_league	LIGA
comp.stage_quarter	KVARTSFINAL
comp.stage_r16	ATTONDELSFINAL
comp.stage_r32	SEXTONDELSFINAL
comp.stage_round_of	OMGANG AV
comp.stage_semi	SEMIFINAL
comp.you_are_pos	DU AR {0}
comp.you_champion	DU AR MASTARE
comp.you_eliminated	DU BLEV UTSLAGEN
comp.you_in	DU AR I {0}
comp.you_in_the	DU AR I {0}
comp.you_through	DU AR VIDARE TILL NASTA OMGANG
comp.you_unplaced	DU AR OPLACERAD
firstrun.body	Ingen SWOS-speldata hittades.\n\nOpenSWOS behover Sensible World of Soccer 96/97 (Amiga-utgavan).\nTva alternativ - starta sedan om spelet:\n\n  (a) Lagg dina Amiga-floppybilder (*.adf) i:\n        {0}\n      OpenSWOS extraherar det som behovs vid nasta start.\n\n  (b) Har du redan de losa spelfilerna (t.ex. en WHDLoad-installation)?\n      Kopiera dem till:\n        {1}\n\nValfritt: lagg PC-mappen (DOS) DATA i 'original_swos_pc/' for en\nnagot storre laglista - inte nodvandigt, och det andrar inte grafiken.\n\nTidigare SWOS-utgavor (94/95 osv.) ar INTE kompatibla.
menu.team_coach_div	TRANARE {0}   DIV {1}
menu.team_div	DIV {0}
menu.versus	  V
nation.continent_africa	AFRIKA
nation.continent_asia	ASIEN
nation.continent_europe	EUROPA
nation.continent_north_america	NORDAMERIKA
nation.continent_oceania	OCEANIEN
nation.continent_south_america	SYDAMERIKA
nav.hint_menu	UPP/NER VALJ   ELD OK   ESC TILLBAKA
nav.hint_picker	UPP/NER BLADDRA   ELD VALJ   ESC AVBRYT
nav.hint_picker_cols	UPP/NER BLADDRA   VANSTER/HOGER KOLUMN   ELD VALJ   ESC AVBRYT
nav.hint_stepper	UPP/NER VALJ   VANSTER/HOGER ANDRA   ELD OK   ESC TILLBAKA
nav.hint_table	UPP/NER RAD   ELD OK   ESC TILLBAKA
opt.commentator	KOMMENTATOR
opt.commentator_hint	TALAD KOMMENTAR (ENDAST PC-LJUD)
opt.display_fullfill	FULL FYLL
opt.display_fullinteger	FULL HELTAL
opt.display_unknown	?
opt.display_windowed	FONSTER
opt.len_min_whole	{0} MIN RIKTIG  (HELA MATCHEN)
opt.len_sec_whole	{0}S RIKTIG  (HELA MATCHEN)
opt.smoothing_sharp	SKARP
overlay.corner	HORNA
overlay.fulltime	FULLTID
overlay.fulltime_body	FULLTID\n\n{0}  {1} - {2}  {3}\n\ntryck mellanslag
overlay.goal	MAL!
overlay.goalkick	INSPARK
overlay.halftime	HALVTID
overlay.paused	PAUSAT\n\nmellanslag  fortsatt\nESC    avsluta till meny
overlay.penalties	STRAFFAR
overlay.throwin	INKAST
pos.a	A
pos.d	B
pos.gk	MV
pos.lb	VB
pos.lw	VY
pos.m	M
pos.none	--
pos.rb	HB
pos.rw	HY
pos.unknown	?
result.away	BORTA
result.home	HEMMA
result.og	(SJM)
result.pen	(STR)
scout.notice_maxed	SCOUTING MAX
scout.notice_no_money	INTE NOG PENGAR
scout.notice_player_unavailable	SPELARE EJ TILLGANGLIG
scout.notice_unavailable	SCOUTING EJ TILLGANGLIG
staff.notice_coach_unavailable	TRANARE EJ TILLGANGLIG
staff.notice_focus_full	FOKUS FULLT
staff.notice_full	PERSONAL FULLT
staff.notice_no_money	INTE NOG PENGAR
staff.notice_player_unavailable	SPELARE EJ TILLGANGLIG
staff.notice_unavailable	PERSONAL EJ TILLGANGLIG
staff.spec_attack	ANFALL
staff.spec_defence	FORSVAR
staff.spec_general	ALLMAN
staff.spec_youth	UNGDOM
# FINANCES (career depth plan feature 1)
dash.finances	EKONOMI
fin.title	EKONOMI
fin.show_history	SAESONG FOER SAESONG
fin.show_sheet	DENNA SAESONG
fin.no_season	INGEN AVSLUTAD SAESONG
fin.drawn_up	BOKSLUTET GOERS VID SAESONGENS SLUT
fin.col_season	SAESONG
fin.col_league	LIGA
fin.col_cup	CUP
fin.col_income	INTAEKTER
fin.col_wages	LOENER
fin.col_balance	SALDO
fin.season	SAESONG
fin.league	LIGA
fin.cup	CUP
fin.home_games	HEMMAMATCHER
fin.crowd	ASKADARE
fin.row.opening	SALDO VID SAESONGSSTART:
fin.row.gate	BILJETTINTAEKTER:
fin.row.bonuses	PREMIER + TV-RAETTIGHETER:
fin.row.sponsor	SPONSRING FRAN SENSISOFT PLC:
fin.row.invest	EXTRA INVESTERING FRAN ORDFOERANDEN:
fin.row.invest_new	EXTRA INVESTERING FRAN NYE ORDFOERANDEN:
fin.row.wages	SPELARLOENER:
fin.row.profit	TOTAL VINST:
fin.row.loss	TOTAL FOERLUST:
fin.row.closing	NYTT SALDO:
fin.row.sales	SPELARFOERSAELJNINGAR:
fin.row.purchases	SPELARKOEP:
# THE CHAIRMAN (career depth plan feature 2)
dash.chairman	ORDFOERANDE
dash.status_sacked	SPARKAD
chair.title	ORDFOERANDE
chair.memo	PM
chair.none	INGA PM
chair.memo_header	PM FRAN KLUBBENS ORDFOERANDE
chair.memo_sign	DIN ORDFOERANDE
chair.earlier	TIDIGARE PM
opt.board	STYRELSE
opt.board_hint	HUR SNABBT ORDFOERANDEN SPARKAR DIG
opt.board_patient	TAALMODIG
opt.board_normal	NORMAL
opt.board_ruthless	HAARD
chair.verdict0.1	BRA JOBBAT %a, DU GJORDE ETT UTMAERKT
chair.verdict0.2	JOBB DENNA SAESONG OCH VI UPPSKATTAR DET
chair.verdict1.1	EN BRA SAESONG %a, VI AER ALLA MYCKET
chair.verdict1.2	NOEJDA, FORTSAETT SAA
chair.verdict2.1	EN OJAEMN SAESONG %a, VI HOPPAS ALLA
chair.verdict2.2	PAA EN SNAR FOERBAETTRING
chair.verdict3.1	INGEN SAERSKILT BRA SAESONG %a, VI HOPPAS
chair.verdict3.2	DU FOERBAETTRAR RESULTATEN NAESTA SAESONG
chair.verdict4.1	EN MYCKET BESVIKANDE SAESONG %a, VI KRAEVER
chair.verdict4.2	MYCKET MER AV DIG NAESTA SAESONG
chair.sacked_league.1	DET AER MED STOR SORG SOM STYRELSEN OCH JAG
chair.sacked_league.2	HAR BESLUTAT ATT SKILJA DIG FRAN UPPDRAGET
chair.not_renewed.1	DET AER MED STOR SORG SOM VI HAR BESLUTAT
chair.not_renewed.2	ATT INTE FOERLAENGA DITT KONTRAKT - LYCKA TILL
chair.not_renewed.3	OCH VI SES FOERHOPPNINGSVIS SNART IGEN
chair.league_note.1	NOTERA VAAR NUVARANDE TABELLPLACERING OCH
chair.league_note.2	SE TILL ATT DEN FOERBAETTRAS SNARAST
chair.league_warn.1	KOM IHAAG, OM PLACERINGEN INTE SNART BAETTRAS
chair.league_warn.2	MAASTE VI OMPROEVA DIN POSITION
chair.league_crisis.1	EFTER EN FOERTROENDEOMROESTNING HAR DU HOEGST
chair.league_crisis.2	3 MATCHER ATT VAENDA DET ELLER SAA FAAR DU GAA
chair.money_note.1	NOTERA VAART BANKSALDO OCH
chair.money_note.2	SE TILL ATT TAECKA UNDERSKOTTET SNARAST
chair.money_warn.1	BARA EN PAAMINNELSE OM UNDERSKOTTET
chair.money_warn.2	ANNARS MAASTE VI OMPROEVA DIN POSITION
chair.money_crisis.1	EFTER ETT KRISMOETE KRAEVER VI ATT DU
chair.money_crisis.2	TAECKER UNDERSKOTTET GENAST ELLER SAA FAAR DU GAA
chair.new_season.1	NAAGRA RADER MED LYCKA TILL I DEN
chair.new_season.2	NYA SAESONGEN
chair.embargo_buy.1	TYVAERR %a, KLUBBEN AER INTE BEREDD ATT
chair.embargo_buy.2	KOEPA FLER SPELARE DENNA SAESONG
chair.embargo_sell.1	NOTERA %a ATT VI INTE TILLAATER
chair.embargo_sell.2	FLER SPELARFOERSAELJNINGAR DENNA SAESONG
chair.sacked_money.1	DET AER MED STOR SORG SOM STYRELSEN OCH JAG
chair.sacked_money.2	HAR BESLUTAT ATT SKILJA DIG FRAN UPPDRAGET
# JOB OFFERS (career depth plan feature #3)
job.title	JOBBERBJUDANDEN
job.none	INGA ERBJUDANDEN
job.offer	ERBJUDANDE
job.accept	ACCEPTERA
job.decline	AVBOJ
job.declined	ERBJUDANDE AVBOJT
job.not_available	ERBJUDANDE EJ TILLGANGLIGT
job.signed_prefix	OVERENS MED
job.new_job	NYTT JOBB
job.reputation	ANSEENDE
job.rep_world	VARLDSKLASS
job.rep_high	HOGT AKTAD
job.rep_good	VALANSEDD
job.rep_known	KAND
job.rep_unproven	OPROVAD
job.rep_unwanted	OONSKAD
job.division	DIVISION
job.squad	TRUPP
job.letter_header	JOBBERBJUDANDE FRAN %a
job.letter.1	BASTE HERR/FRU
job.letter.2	VI HAR I %a VILL GARNA ERBJUDA DIG
job.letter.3	TRANARJOBBET I VAR KLUBB NASTA SASONG
job.letter.4	VI KAN ERBJUDA EN MYCKET BRA LON OCH
job.letter.5	VI HOPPAS KUNNA STALLA MEDEL TILL FORFOGANDE
job.letter.6	OMKRING %b FOR ATT FORSTARKA LAGET
job.letter.7	VI SER FRAM EMOT DITT SVAR
job.accepted_note	DU HAR ACCEPTERAT - FLYTTEN SKER NASTA SASONG
job.waiting_prefix	DE VANTAR YTTERLIGARE
job.waiting_suffix	MATCHER
job.accepted.1	VI HAR I %a AR GLADA ATT DU
job.accepted.2	HAR ACCEPTERAT TRANARJOBBET HOS OSS
job.accepted.3	FRAN BORJAN AV NASTA SASONG
job.farewell.1	TACK FOR ALLT %a, VI ONSKAR DIG
job.farewell.2	LYCKA TILL I DITT NYA JOBB
job.welcome.1	VALKOMMEN %a, VI SER FRAM EMOT MYCKET
job.welcome.2	FRAMGANG AV VART NYA SAMARBETE
job.withdrawn.1	JOBBERBJUDANDE FRAN %a INDRAGET
# board expectation line (feature #2 follow-up)
chair.expected	STYRELSEN VANTADE
chair.of	AV
chair.finished	SLUTADE
chair.expects	STYRELSEN VANTAR
# NATIONAL TEAM JOB (career depth plan feature #4)
natjob.entry	LANDSLAG
natjob.entry_offer	INTERNATIONELLT JOBBERBJUDANDE
natjob.title	LANDSLAG
natjob.title_offer	INTERNATIONELLT JOBBERBJUDANDE
natjob.player	SPELARE
natjob.add	LAGG TILL SPELARE
natjob.remove	TA BORT SPELARE
natjob.auto	AUTOVAL
natjob.resign	AVGA
natjob.full	TRUPPEN AR FULL
natjob.appointed	FORBUNDSKAPTEN FOR
natjob.none	INGET LANDSLAGSJOBB
natjob.no_players	INGA SPELARE TILLGANGLIGA
natjob.squad_word	TRUPP
natjob.rating	BETYG
natjob.home	HEMMA
natjob.abroad	UTLANDET
natjob.col_name	NAMN
natjob.col_pos	POS
natjob.col_ovr	TOT
natjob.col_where	VAR
natjob.col_club	KLUBB
natjob.letter_header	INTERNATIONELLT JOBBERBJUDANDE FRAN %a
natjob.offer.1	MEDLEMMARNA I FOTBOLLSKOMMITTEN
natjob.offer.2	I %a VILL GARNA ERBJUDA DIG JOBBET
natjob.offer.3	SOM FORBUNDSKAPTEN
natjob.offer.4	VI LOVAR DIG EN UTMARKT LON OCH
natjob.offer.5	ETT ARLIGEN OMFORHANDLAT KONTRAKT
natjob.offer.6	VI SER FRAM EMOT DITT SVAR
natjob.accepted.1	MEDLEMMARNA I FOTBOLLSKOMMITTEN
natjob.accepted.2	I %a AR GLADA ATT DU HAR
natjob.accepted.3	ACCEPTERAT JOBBET SOM FORBUNDSKAPTEN
natjob.ended.1	MEDLEMMARNA I FOTBOLLSKOMMITTEN
natjob.ended.2	I %a HAR BESLUTAT ATT INTE FORLANGA
natjob.ended.3	DITT ARLIGA KONTRAKT
# TOP SCORERS (career depth plan feature #5) + PLEASE WAIT
busy.title	VAR VANLIG VANTA
busy.new_career	BYGGER VARLDEN
busy.next_season	SOMMAREN SPELAS
dash.scorers	SKYTTELIGA
scorer.title	SKYTTELIGA
scorer.view	LISTA
scorer.page	SIDA
scorer.view_comp	TAVLING
scorer.view_club	MIN KLUBB
scorer.view_history	SASONG FOR SASONG
scorer.leading	TAVLINGENS BASTA MALSKYTTAR
scorer.goals	MAL
scorer.own_goals	SJALVMAL
scorer.ex_player	MAL AV TIDIGARE SPELARE
scorer.career_total	TOTALT I KARRIAREN
scorer.season	SASONG
scorer.season_top	SASONGENS SKYTTEKUNG
scorer.season_top_plural	SASONGENS SKYTTEKUNGAR
scorer.no_goals	INGA MAL AN DENNA SASONG
scorer.no_seasons	INGEN SASONG AVSLUTAD AN
# CAREER DASHBOARD SECTIONS (3-column layout)
dash.sec_match	MATCH
dash.sec_team	LAG
dash.sec_club	KLUBB
dash.sec_game	SPEL
nav.hint_cols	UPP/NER VALJ   VANSTER/HOGER KOLUMN   ELD OK   ESC TILLBAKA
