key	tr
# COMMON
common.back	GERI
common.continue	DEVAM
common.cancel	IPTAL
common.ok	TAMAM
common.on	ACIK
common.off	KAPALI
common.na	YOK
common.none	HICBIRI
common.versus	V
common.page	SAYFA
common.previous_page	ONCEKI SAYFA
common.next_page	SONRAKI SAYFA
common.no_career_data	KARIYER VERISI YOK
common.no_squad_data	KADRO VERISI YOK
common.player_not_available	OYUNCU MEVCUT DEGIL
common.player	OYUNCU
common.budget	BUTCE
common.sort	SIRALA
common.sort_by	SIRALAMA
common.value	DEGER
common.skill	YETENEK
common.age	YAS
common.money_thousands_suffix	K
common.money_millions_suffix	M
# TABLE COLUMN HEADERS
col.pos	SIRA
col.team	TAKIM
col.name	ISIM
col.number	NO
col.number_hash	#
col.p	O
col.w	G
col.d	B
col.l	M
col.gf	AG
col.ga	YG
col.pts	P
col.skl	YET
col.skill	YET
col.pot	POT
col.sta	DAY
col.form	F
col.fit	KON
col.val	DEG
col.nat	UYR
col.club	KULUP
col.price	FIYAT
col.spec	UZM
col.quality	K
col.wage	MAAS
col.fee	UCRET
col.amount	TUTAR
col.exp	SON
col.skill_row	PA MU SU KA KO HI BI
# HOME
home.title	O P E N   S W O S
home.play_match	MAC OYNA
home.competitions	MUSABAKALAR
home.multiplayer	COK OYUNCULU
home.team_setup	TAKIM AYARI
home.options	SECENEKLER
home.career	KARIYER
home.exit	CIKIS
home.credit	YAPAN GRZEGORZ KORYCKI
home.continue_prefix	DEVAM:
# QUIT
quit.title	CIKIS
quit.are_you_sure	EMIN MISINIZ?
quit.quit_to_windows	WINDOWS'A CIK
quit.return_to_game	OYUNA DON
# FRIENDLY
friendly.title	HAZIRLIK MACI
friendly.home	EV SAHIBI
friendly.away	DEPLASMAN
friendly.swap_teams	TAKIMLARI DEGISTIR
friendly.pitch	SAHA
friendly.opponent	RAKIP
friendly.half_length	DEVRE SURESI
friendly.game_speed	OYUN HIZI
friendly.kick_off	BASLAT
friendly.context	HAZIRLIK
# VERSUS
versus.play	OYNA
versus.view_result	SONUCU GOR
# STADIUM
stadium.title	TAKIMLAR
stadium.kick_off	BASLAT
stadium.edit_lineup	KADROYU DUZENLE
# OPTIONS
opt.title	SECENEKLER
opt.page	SAYFA
opt.language	DIL
opt.half_length	DEVRE SURESI
opt.game_speed	OYUN HIZI
opt.opponent	RAKIP
opt.pitch	SAHA
opt.skill_scaling	YETENEK OLCEKLEME
opt.skill_scaling_hint	ORIJINAL SWOS OYUNCU FIYATI YETENEK OLCEKLEMESI
opt.all_teams_equal	TUM TAKIMLAR ESIT
opt.all_teams_equal_hint	OYUNCU TAKIMLARININ GUCUNU ESITLER
opt.pre_match_menus	MAC ONCESI MENULER
opt.player_fatigue	OYUNCU YORGUNLUGU
opt.energy_bar	ENERJI CUBUGU
opt.music	MUZIK
opt.music_hint	AMIGA / PC / OZEL MENU MUZIGI
opt.sound	SES
opt.sound_hint	PC VEYA AMIGA MAC ICI SESLERI
opt.display	EKRAN
opt.display_hint	F11 DEGISTIRIR  ALT+ENTER TAM EKRAN ACAR/KAPATIR
# OPTION VALUES
val.pitch_none	(YOK)
val.pitch_random	RASTGELE
val.opponent_ai	YZ
val.opponent_player2	OYUNCU 2  (WASD)
val.opponent_demo	DEMO  (YZ V YZ)
val.sound_amiga	AMIGA
val.sound_pc	PC
val.music_custom	OZEL
val.music_off	KAPALI
val.length_whole_match_seconds	%dS GERCEK  (TUM MAC)
val.length_whole_match_minutes	%d DK GERCEK  (TUM MAC)
val.display_windowed	PENCERE
val.display_full_fill	TAM DOLDUR
val.display_full_integer	TAM TAMSAYI
# LOCAL MULTIPLAYER
mp.title	YEREL COK OYUNCULU
mp.controls_hint	OYUNCU 1: OKLAR+BOSLUK   OYUNCU 2: WASD+SHIFT
mp.start	2 OYUNCULU MAC BASLAT
# PICKERS
pick.continent	KITA
pick.country	ULKE
pick.your_team	TAKIMINIZ
pick.all_countries	TUM ULKELER
pick.all	TUMU
pick.select_country	ULKE SEC
pick.select_continent	KITA SEC
pick.select_your_team	TAKIMINIZI SEC
pick.home_team	EV SAHIBI TAKIM
pick.away_team	DEPLASMAN TAKIMI
pick.nothing_to_choose	SECENEK YOK
pick.item	OGE
pick.more_down	DAHA v
# DRAW CEREMONY
draw.title_suffix	KURA
# PLAY AGAIN
playagain.title	MAC SONU
playagain.play_again	TEKRAR OYNA
playagain.exit	CIKIS
# COMPETITIONS HUB
comp.title	MUSABAKALAR
comp.new_league	YENI LIG
comp.new_cup	YENI KUPA
comp.new_tournament	YENI TURNUVA
comp.preset_competition	HAZIR MUSABAKA
comp.new_career	YENI KARIYER
comp.load_game	OYUN YUKLE
# LEAGUE / CUP / TOURNAMENT SETUP
setup.league_title	YENI LIG
setup.cup_title	YENI KUPA
setup.tournament_title	YENI TURNUVA
setup.size	BOYUT
setup.teams_suffix	TAKIM
setup.entrants	KATILIMCILAR
setup.entrants_same_division	AYNI KUME
setup.entrants_same_nation	AYNI ULKE
setup.entrants_random	RASTGELE
setup.rounds	TUR
setup.rounds_single	TEK
setup.rounds_double	CIFT
setup.groups	GRUPLAR
setup.groups_of_4_suffix	4LU GRUP
setup.create_league	LIG OLUSTUR
setup.create_cup	KUPA OLUSTUR
setup.create_tournament	TURNUVA OLUSTUR
# CAREER SETUP
career.title	YENI KARIYER
career.blurb_seasons	HER SEZON LIG VE YERLI KUPA
career.blurb_promotion	LIGI KAZANIP YUKSEL, SONUNCU OLUP DUS
career.start	KARIYERE BASLA
# MANAGER NAME ENTRY
mgr.title	MENAJER ADI
mgr.hint	AD YAZ   SOL/SAG UNVAN   ENTER TAMAM   ESC IPTAL
mgr.title_row	UNVAN
mgr.title_mr	BAY
mgr.title_ms	BAYAN
mgr.default_name	OYUNCU
# COMPETITION DASHBOARD
dash.play_next_match	SONRAKI MACI OYNA
dash.continue	DEVAM
dash.next_season	SONRAKI SEZON
dash.table	PUAN DURUMU
dash.fixtures	FIKSTUR
dash.squad	KADRO
dash.lineup	DIZILIS
dash.transfers	TRANSFERLER
dash.staff	TEKNIK EKIP
dash.scouting	GOZLEM
dash.record	SICIL
dash.save_as	FARKLI KAYDET
dash.retire	EMEKLI OL
dash.abandon	TERK ET
dash.management_record	YONETIM SICILI
dash.status_retired	EMEKLI
dash.status_champions	SAMPIYON:
dash.status_eliminated	ELENDI
dash.offers_prefix	TEKLIFLER
dash.offers_unseen_mark	!
# NEXT MATCH / VIEW RESULT
next.title	SONRAKI MAC
result.title	MAC SONU
result.label	SONUC
# MANAGEMENT RECORD
mrec.title	YONETIM SICILI
mrec.title_of_prefix	YONETIM SICILI:
mrec.career_over	KARIYER BITTI
mrec.season	SEZON
mrec.div	LIG
mrec.trophies	KUPALAR
mrec.none_yet	HENUZ YOK
mrec.history	GECMIS
mrec.first_season	ILK SEZON DEVAM EDIYOR
# RETIRE CONFIRM
retire.title	EMEKLI OL
retire.prompt	EMEKLI OLUNSUN MU?
retire.confirm	EMEKLI OL
# PRESET COMPETITIONS
preset.title	HAZIR MUSABAKA
preset.blurb	GERCEK KADROLARIYLA GERCEK MUSABAKALAR
preset.european_cup	AVRUPA KUPASI
preset.uefa_cup	UEFA KUPASI
preset.cup_winners_cup	KUPA GALIPLERI KUPASI
preset.world_cup	DUNYA KUPASI
preset.european_championship	AVRUPA SAMPIYONASI
preset.copa_america	COPA AMERICA
preset.team_knockout_suffix	TAKIMLI ELEME
preset.groups_then_knockout_suffix	4LU GRUP SONRA ELEME
preset.create	OLUSTUR
# SAVE AS / LOAD GAME
save.title	FARKLI KAYDET
save.hint	SLOT ADI YAZ   ENTER TAMAM   ESC IPTAL
save.saved_as_prefix	KAYDEDILDI:
load.title	OYUN YUKLE
load.delete_mode	SILME MODU
load.no_saved_games	KAYITLI OYUN YOK
# STANDINGS / FIXTURES
table.title	PUAN DURUMU
table.group	GRUP
fixtures.title	FIKSTUR
# TEAM SETUP
teamcfg.title	TAKIM AYARI
teamcfg.team	TAKIM
teamcfg.team_home_prefix	EV
teamcfg.team_away_prefix	DEP
teamcfg.switch_home_away	EV / DEP DEGISTIR
teamcfg.coach	ANTRENOR
# COMPETITION ENGINE
stage.league	LIG
stage.group_prefix	GRUP
stage.final	FINAL
stage.semi_final	YARI FINAL
stage.quarter_final	CEYREK FINAL
stage.round_of_16	SON 16
stage.round_of_32	SON 32
stage.round_of_prefix	SON
stage.cup_prefix	KUPA
round.league_round	LIG - HAFTA
round.competition_complete	MUSABAKA TAMAMLANDI
round.no_fixtures	FIKSTUR YOK
status.no_player_team	OYUNCU TAKIMI YOK
status.you_are_champion	SAMPIYON OLDUNUZ
status.you_are_prefix	SIRANIZ
status.you_are_unplaced	SIRALANMADINIZ
status.you_were_eliminated	ELENDINIZ
status.you_are_through	SONRAKI TURA GECTINIZ
status.you_are_in_prefix	BURADASINIZ:
status.you_are_in_the_prefix	BURADASINIZ:
ord.st	.
ord.nd	.
ord.rd	.
ord.th	.
season.cup_winner	KAZANAN
season.cup_runner_up	IKINCI
season.cup_out_in_prefix	ELENDI:
season.cup_out	ELENDI
season.trophy_league	SEZON %d LIG SAMPIYONU
season.trophy_cup	SEZON %d KUPA GALIBI
season.history_line	S%d: LIG %s, KUPA %s
season.history_retired	S%d: EMEKLI
fixture.penalties_mark	P
# CAREER SQUAD
squad.title_suffix	KADRO
squad.default_club	KULUP
squad.player_action	OYUNCU ISLEMI
squad.no_player_selected	OYUNCU SECILMEDI
squad.fit_injured	SKT
# PLAYER ACTION
paction.value_prefix	DEGER
paction.time_to_negotiate	PAZARLIK SURESI
paction.take_off_list	LISTEDEN CIKAR
paction.put_on_list	TRANSFER LISTESINE KOY
paction.give_free_transfer	SERBEST BIRAK
paction.off_list_prefix	LISTEDEN CIKTI
paction.listed_prefix	LISTELENDI
paction.list_full_prefix	LISTE DOLU (MAKS
# FREE TRANSFER
free.title	SERBEST TRANSFER
free.confirm_prompt	%s SERBEST BIRAKILSIN MI?
free.release	SERBEST BIRAK
free.released_prefix	SERBEST BIRAKILDI
free.squad_too_small	KADRO COK KUCUK
free.release_failed	BIRAKMA BASARISIZ
# LINEUP EDITOR
lineup.title	TAKIM DIZILISI
lineup.auto	OTO
lineup.hint	YUKARI/ASAGI SATIR   ATES SEC/DEGIS   ESC GERI
lineup.picked_prefix	SECILDI
lineup.picked_swap_hint	- DEGISTIRMEK ICIN SATIR SEC
lineup.unmarked_prefix	ISARET KALDIRILDI
lineup.slot_not_available	SLOT MEVCUT DEGIL
lineup.goal_needs_keeper	KALE SLOTU KALECI ISTER
lineup.swapped_prefix	DEGISTIRILDI
lineup.swapped_and	VE
lineup.auto_restored	OTO DIZILIS GERI YUKLENDI
lineup.auto_label	OTO DIZILIS
lineup.custom_label	OZEL DIZILIS
lineup.slot	SLOT
lineup.slot_gk	KL
lineup.slot_sub	YED
# STAFF
staff.title	TEKNIK EKIP
staff.coach	ANTRENOR
staff.fire_selected	SECILENI KOV
staff.hire_coach	ANTRENOR TUT
staff.training_focus	ANTRENMAN ODAGI
staff.no_coach_selected	ANTRENOR SECILMEDI
staff.no_coaches	ANTRENOR YOK
# FIRE COACH
firecoach.title	ANTRENORU KOV
firecoach.coach_not_available	ANTRENOR MEVCUT DEGIL
firecoach.severance_prefix	TAZMINAT
firecoach.fire	KOV
firecoach.fired_prefix	KOVULDU
# HIRE COACH
hire.title	ANTRENOR TUT
hire.candidate	ADAY
hire.hire	TUT
hire.hired_prefix	TUTULDU
# TRAINING FOCUS
focus.title	ANTRENMAN ODAGI
focus.toggle	ODAGI DEGISTIR
focus.removed_prefix	KALDIRILDI
focus.focused_prefix	ODAKLANDI
focus.max_prefix	MAKS
focus.max_suffix	ODAK OYUNCU
focus.mark	*
# SCOUTING
scout.title	GOZLEM
scout.scout_player	OYUNCU GOZLE
scout.improve_prefix	GOZLEMI GELISTIR
scout.maxed	GOZLEM MAKSIMUM
scout.unavailable	GOZLEM YOK
scout.quality_prefix	GOZLEM KALITESI
scout.no_watched	IZLENEN OYUNCU YOK
scout.scout_selected	SECILENI GOZLE
scout.scout_prefix	GOZLE
scout.scouted_prefix	GOZLENDI
scout.cost_prefix	MALIYET
scout.no_players_available	OYUNCU YOK
# TRANSFER MARKET
market.title	TRANSFER PIYASASI
market.max_price	MAKS FIYAT
market.buy_selected	SECILENI AL
market.no_player_selected	OYUNCU SECILMEDI
market.free_agent	SERBEST
market.club_fallback_prefix	KULUP
market.price_any	SINIRSIZ
market.price_100k	<100K
market.price_250k	<250K
market.price_500k	<500K
market.price_1m	<1M
market.price_2m	<2M
market.price_5m	<5M
market.price_10m	<10M
market.price_over_10m	>=10M
# BUY / NEGOTIATION
buy.title	OYUNCU AL
buy.asking_prefix	ISTENEN
buy.your_bid	TEKLIFINIZ
buy.make_bid	TEKLIF VER
buy.club_unwilling	KULUP OYUNCU ALMAK ISTEMIYOR
buy.no_time	PAZARLIK SURESI BITTI
buy.enter_a_bid	TEKLIF GIRIN
buy.not_enough_money	YETERLI PARA YOK
buy.bought_prefix	ALINDI
buy.squad_full	KADRO DOLU
buy.transfer_failed	TRANSFER BASARISIZ
buy.counter_prefix	KARSI TEKLIF:
buy.rejected	TEKLIF DUSUK - REDDEDILDI
# INCOMING OFFERS
offers.title	TRANSFER TEKLIFLERI
offers.no_offers	TEKLIF YOK
offers.offer	TEKLIF
offers.accept	KABUL ET
offers.demand_more	DAHA FAZLA ISTE
offers.reject	REDDET
offers.header_negotiate_prefix	PAZARLIK SURESI
offers.header_sells	SATIS
offers.not_available	TEKLIF MEVCUT DEGIL
offers.sold_prefix	SATILDI
offers.sold_for	BEDELI
offers.squad_too_small	KADRO COK KUCUK
offers.accept_failed	KABUL BASARISIZ
offers.improved_prefix	YUKSELTILDI:
offers.withdrawn	TEKLIF GERI CEKILDI
offers.refused	DAHA FAZLA ODEMIYOR
offers.rejected	TEKLIF REDDEDILDI
# MATCH HUD / OVERLAYS
hud.half_time	DEVRE ARASI
hud.full_time	MAC SONU
hud.penalties	PENALTILAR
hud.paused	DURAKLADI
hud.pause_resume_hint	bosluk  devam
hud.pause_quit_hint	ESC    menuye cik
hud.goal	GOL!
hud.throw_in	TAC
hud.corner	KORNER
hud.goal_kick	KALE VURUSU
hud.press_space	bosluga bas
hud.team_home_fallback	EV SAHIBI
hud.team_away_fallback	DEPLASMAN
goal.type_penalty	(PEN)
goal.type_own_goal	(KK)
# S34 additions
bench.coach	ANTRENOR
bench.coming_on	GIRIYOR: {0}
bench.fire_swap	ATES SEC+SEC = DEGIS
bench.formation	DIZILIS
bench.formation_colon	DIZILIS:
bench.help_leave	SOL/SAG YEDEKTEN CIK
bench.help_select	YUK/ASG SEC  ATES OK
bench.hold_mark	BASILI TUT ATES = OYUNCU TUT
bench.player_off	CIKAN:
bench.sub_in_progress	DEGISIKLIK YAPILIYOR...
bench.swap_formation	DEGIS / DIZILIS:
bench.tag_inj	 SKT
bench.tag_off	 [CIK]
bench.tag_sub	 [DEG]
bench.title	YEDEK - {0}
bench.user	KULLANICI {0}
career.dash_div_season	DIV {0}  SEZON {1}
career.price_any	HEPSI
career.rec_pwdl	P {0}   W {1}   D {2}   L {3}   GF {4}   GA {5}
career.rec_season_div	SEZON {0}  {1}  DIV {2}
career.release_confirm	{0} BEDAVA BIRAKILSIN MI?
career.skill_letters	PVHTCSF
career.title_mr	BAY
career.title_ms	BYN
comp.competition_complete	TURNUVA TAMAMLANDI
comp.cup	KUPA
comp.entrants_random	RASGELE
comp.entrants_same_div	AYNI LIG
comp.entrants_same_nation	AYNI ULKE
comp.league_round	LIG - TUR {0}/{1}
comp.name_career	KARIYER
comp.name_cup	KUPA
comp.name_league	LIG
comp.name_tournament	TURNUVA
comp.no_fixtures	MAC YOK
comp.no_player_team	OYUNCU TAKIMI YOK
comp.ord_nd	.
comp.ord_rd	.
comp.ord_st	.
comp.ord_th	.
comp.preset_copa_america	COPA AMERICA
comp.preset_cup_winners_cup	KUPA GALIPLERI KUPASI
comp.preset_european_championship	AVRUPA SAMPIYONASI
comp.preset_european_cup	AVRUPA KUPASI
comp.preset_uefa_cup	UEFA KUPASI
comp.preset_world_cup	DUNYA KUPASI
comp.slot_finished	BITTI
comp.slot_no_team	TAKIM YOK
comp.slot_round	TUR {0}/{1}
comp.slot_winner	GALIP {0}
comp.stage_final	FINAL
comp.stage_group	GRUP
comp.stage_league	LIG
comp.stage_quarter	CEYREK FINAL
comp.stage_r16	SON 16
comp.stage_r32	SON 32
comp.stage_round_of	SON
comp.stage_semi	YARI FINAL
comp.you_are_pos	SIZ {0}
comp.you_champion	SAMPIYON SIZSINIZ
comp.you_eliminated	ELENDINIZ
comp.you_in	{0} ICINDESINIZ
comp.you_in_the	{0} ICINDESINIZ
comp.you_through	BIR SONRAKI TURA CIKTINIZ
comp.you_unplaced	SIRALANMADINIZ
firstrun.body	SWOS oyun verisi bulunamadi.\n\nOpenSWOS Sensible World of Soccer 96/97 (Amiga surumu) gerektirir.\nIki secenek - sonra oyunu yeniden baslatin:\n\n  (a) Amiga disket imajlarini (*.adf) suraya birakin:\n        {0}\n      OpenSWOS sonraki baslangicta gerekeni cikarir.\n\n  (b) Ayri oyun dosyalariniz var mi (orn. WHDLoad kurulumu)?\n      Suraya kopyalayin:\n        {1}\n\nIstege bagli: PC (DOS) DATA klasorunu 'original_swos_pc/' icine koyun,\nbiraz daha genis takim listesi icin - gerekli degil, grafigi degistirmez.\n\nEski SWOS surumleri (94/95 vb.) UYUMLU DEGIL.
menu.team_coach_div	ANTRENOR {0}   DIV {1}
menu.team_div	DIV {0}
menu.versus	  V
nation.continent_africa	AFRIKA
nation.continent_asia	ASYA
nation.continent_europe	AVRUPA
nation.continent_north_america	KUZEY AMERIKA
nation.continent_oceania	OKYANUSYA
nation.continent_south_america	GUNEY AMERIKA
nav.hint_menu	YUKARI/ASAGI SEC   ATES OK   ESC GERI
nav.hint_picker	YUKARI/ASAGI KAYDIR   ATES SEC   ESC IPTAL
nav.hint_picker_cols	YUKARI/ASAGI KAYDIR   SOL/SAG SUTUN   ATES SEC   ESC IPTAL
nav.hint_stepper	YUKARI/ASAGI SEC   SOL/SAG DEGIS   ATES OK   ESC GERI
nav.hint_table	YUKARI/ASAGI SATIR   ATES OK   ESC GERI
opt.commentator	SPIKER
opt.commentator_hint	SESLI ANLATIM (SADECE PC SESI)
opt.display_fullfill	TAM DOLDUR
opt.display_fullinteger	TAM SAYI
opt.display_unknown	?
opt.display_windowed	PENCERE
opt.len_min_whole	{0} DK GERCEK  (TUM MAC)
opt.len_sec_whole	{0}S GERCEK  (TUM MAC)
opt.smoothing_sharp	KESKIN
overlay.corner	KORNER
overlay.fulltime	MAC SONU
overlay.fulltime_body	MAC SONU\n\n{0}  {1} - {2}  {3}\n\nbosluga bas
overlay.goal	GOL!
overlay.goalkick	KALE VURUSU
overlay.halftime	DEVRE ARASI
overlay.paused	DURAKLADI\n\nspace  devam\nESC    menuye don
overlay.penalties	PENALTILAR
overlay.throwin	TAC
pos.a	A
pos.d	D
pos.gk	GK
pos.lb	LB
pos.lw	LW
pos.m	M
pos.none	--
pos.rb	RB
pos.rw	RW
pos.unknown	?
result.away	DEPLASMAN
result.home	EV SAHIBI
result.og	(KK)
result.pen	(PEN)
scout.notice_maxed	GOZLEM DOLU
scout.notice_no_money	PARA YETERSIZ
scout.notice_player_unavailable	OYUNCU YOK
scout.notice_unavailable	GOZLEM YOK
staff.notice_coach_unavailable	ANTRENOR YOK
staff.notice_focus_full	ODAK DOLU
staff.notice_full	PERSONEL DOLU
staff.notice_no_money	PARA YETERSIZ
staff.notice_player_unavailable	OYUNCU YOK
staff.notice_unavailable	PERSONEL YOK
staff.spec_attack	HUCUM
staff.spec_defence	SAVUNMA
staff.spec_general	GENEL
staff.spec_youth	GENCLIK
# FINANCES (career depth plan feature 1)
dash.finances	FINANS
fin.title	FINANS
fin.show_history	SEZON SEZON
fin.show_sheet	BU SEZON
fin.no_season	TAMAMLANMIS SEZON YOK
fin.drawn_up	HESAPLAR SEZON SONUNDA CIKARILIR
fin.col_season	SEZON
fin.col_league	LIG
fin.col_cup	KUPA
fin.col_income	GELIR
fin.col_wages	MAASLAR
fin.col_balance	BAKIYE
fin.season	SEZON
fin.league	LIG
fin.cup	KUPA
fin.home_games	IC SAHA MACLARI
fin.crowd	SEYIRCI
fin.row.opening	SEZON BASI BAKIYE:
fin.row.gate	BILET GELIRLERI:
fin.row.bonuses	PRIMLER + TV HAKLARI:
fin.row.sponsor	SENSISOFT PLC SPONSORLUGU:
fin.row.invest	BASKANDAN EK YATIRIM:
fin.row.invest_new	YENI BASKANDAN EK YATIRIM:
fin.row.wages	OYUNCU MAASLARI:
fin.row.profit	TOPLAM KAR:
fin.row.loss	TOPLAM ZARAR:
fin.row.closing	YENI BAKIYE:
fin.row.sales	OYUNCU SATISLARI:
fin.row.purchases	OYUNCU ALIMLARI:
# THE CHAIRMAN (career depth plan feature 2)
dash.chairman	BASKAN
dash.status_sacked	GOREVDEN ALINDI
chair.title	BASKAN
chair.memo	NOT
chair.none	NOT YOK
chair.memo_header	KULUP BASKANINDAN NOT
chair.memo_sign	BASKANINIZ
chair.earlier	ONCEKI NOTLAR
opt.board	YONETIM
opt.board_hint	BASKAN SENI NE KADAR CABUK GONDERIR
opt.board_patient	SABIRLI
opt.board_normal	NORMAL
opt.board_ruthless	ACIMASIZ
chair.verdict0.1	AFERIN %a, BU SEZON MUKEMMEL BIR IS
chair.verdict0.2	CIKARDIN VE HEPIMIZ BUNU TAKDIR EDIYORUZ
chair.verdict1.1	IYI BIR SEZON %a, HEPIMIZ COK
chair.verdict1.2	MEMNUNUZ, BOYLE DEVAM ET
chair.verdict2.1	INISLI CIKISLI BIR SEZON %a, HEPIMIZ
chair.verdict2.2	YAKINDA DUZELMESINI UMUYORUZ
chair.verdict3.1	PEK IYI BIR SEZON DEGILDI %a, GELECEK
chair.verdict3.2	SEZON PERFORMANSI ARTIRMANI UMUYORUZ
chair.verdict4.1	COK HAYAL KIRIKLIGI BIR SEZON %a, GELECEK
chair.verdict4.2	SEZON SENDEN COK DAHA FAZLASINI BEKLIYORUZ
chair.sacked_league.1	BUYUK UZUNTUYLE YONETIM KURULU VE BEN
chair.sacked_league.2	SENI GOREVINDEN ALMAYA KARAR VERDIK
chair.not_renewed.1	BUYUK UZUNTUYLE SOZLESMENI YENILEMEME
chair.not_renewed.2	KARARI ALDIK - BOL SANS
chair.not_renewed.3	VE SENI YAKINDA GORMEYI UMUYORUZ
chair.league_note.1	LIGDEKI MEVCUT SIRAMIZA DIKKAT ET VE
chair.league_note.2	EN KISA SUREDE DUZELTMESINI SAGLA
chair.league_warn.1	UNUTMA, SIRAMIZ YAKINDA DUZELMEZSE
chair.league_warn.2	GOREVINI YENIDEN DEGERLENDIRMEK ZORUNDA KALIRIZ
chair.league_crisis.1	GUVENOYUNDAN SONRA EN FAZLA
chair.league_crisis.2	3 MACIN VAR YOKSA GOREVDEN ALINIRSIN
chair.money_note.1	BANKA BAKIYEMIZE DIKKAT ET VE
chair.money_note.2	ACIGI EN KISA SUREDE KAPATMASINI SAGLA
chair.money_warn.1	ACIK KONUSUNDA SADECE BIR HATIRLATMA
chair.money_warn.2	YOKSA GOREVINI YENIDEN DEGERLENDIRIRIZ
chair.money_crisis.1	KRIZ TOPLANTISINDAN SONRA ISRAR EDIYORUZ
chair.money_crisis.2	ACIGI DERHAL KAPAT YOKSA GOREVDEN ALINIRSIN
chair.new_season.1	YENI SEZONDA BASARILAR DILEYEN
chair.new_season.2	KISA BIR NOT
chair.embargo_buy.1	UZGUNUM %a, KULUP BU SEZON DAHA FAZLA
chair.embargo_buy.2	OYUNCU ALMAYA NIYETLI DEGIL
chair.embargo_sell.1	DIKKAT ET %a, BU SEZON DAHA FAZLA
chair.embargo_sell.2	OYUNCU SATISINA IZIN VERMEYECEGIZ
chair.sacked_money.1	BUYUK UZUNTUYLE YONETIM KURULU VE BEN
chair.sacked_money.2	SENI GOREVINDEN ALMAYA KARAR VERDIK
# JOB OFFERS (career depth plan feature #3)
job.title	IS TEKLIFLERI
job.none	TEKLIF YOK
job.offer	TEKLIF
job.accept	KABUL ET
job.decline	REDDET
job.declined	TEKLIF REDDEDILDI
job.not_available	TEKLIF MEVCUT DEGIL
job.signed_prefix	ANLASMA
job.new_job	YENI GOREV
job.reputation	ITIBAR
job.rep_world	DUNYA CAPINDA
job.rep_high	COK DEGERLI
job.rep_good	SAYGIN
job.rep_known	TANINAN
job.rep_unproven	KANITLANMAMIS
job.rep_unwanted	ISTENMEYEN
job.division	LIG
job.squad	KADRO
job.letter_header	%a KULUBUNDEN IS TEKLIFI
job.letter.1	SAYIN YETKILI
job.letter.2	BIZ %a OLARAK SIZE
job.letter.3	GELECEK SEZON TEKNIK DIREKTORLUK TEKLIF EDIYORUZ
job.letter.4	SIZE COK IYI BIR MAAS SUNABILIRIZ VE
job.letter.5	KAYNAK AYIRABILECEGIMIZI UMUYORUZ
job.letter.6	TAKIMI GUCLENDIRMEK ICIN YAKLASIK %b
job.letter.7	CEVABINIZI BEKLIYORUZ
job.accepted_note	KABUL ETTINIZ - TRANSFER GELECEK SEZON
job.waiting_prefix	DAHA
job.waiting_suffix	MAC BEKLEYECEKLER
job.accepted.1	BIZ %a OLARAK KABUL ETMENIZDEN
job.accepted.2	KULUBUMUZUN TEKNIK DIREKTORU OLARAK MUTLUYUZ
job.accepted.3	GELECEK SEZON BASINDAN ITIBAREN
job.farewell.1	HER SEY ICIN TESEKKURLER %a, YENI
job.farewell.2	GOREVINIZDE BASARILAR DILERIZ
job.welcome.1	HOS GELDINIZ %a, YENI IS BIRLIGIMIZDEN
job.welcome.2	COK BASARI BEKLIYORUZ
job.withdrawn.1	%a KULUBUNDEN GELEN IS TEKLIFI GERI CEKILDI
# board expectation line (feature #2 follow-up)
chair.expected	YONETIM BEKLIYORDU
chair.of	ICINDE
chair.finished	BITIRDINIZ
chair.expects	YONETIM BEKLIYOR
# NATIONAL TEAM JOB (career depth plan feature #4)
natjob.entry	MILLI TAKIM
natjob.entry_offer	ULUSLARARASI IS TEKLIFI
natjob.title	MILLI TAKIM
natjob.title_offer	ULUSLARARASI IS TEKLIFI
natjob.player	OYUNCU
natjob.add	OYUNCU EKLE
natjob.remove	OYUNCU CIKAR
natjob.auto	OTOMATIK SECIM
natjob.resign	ISTIFA ET
natjob.full	KADRO DOLU
natjob.appointed	MILLI TAKIM TEKNIK DIREKTORU
natjob.none	MILLI TAKIM GOREVI YOK
natjob.no_players	OYUNCU YOK
natjob.squad_word	KADRO
natjob.rating	PUAN
natjob.home	YURT ICI
natjob.abroad	YURT DISI
natjob.col_name	ISIM
natjob.col_pos	MEV
natjob.col_ovr	GEN
natjob.col_where	NEREDE
natjob.col_club	KULUP
natjob.letter_header	%a MILLI TAKIMINDAN IS TEKLIFI
natjob.offer.1	FUTBOL KOMITESI UYELERI
natjob.offer.2	%a SIZE MILLI TAKIM TEKNIK
natjob.offer.3	DIREKTORLUGUNU TEKLIF ETMEK ISTIYOR
natjob.offer.4	SIZE MUKEMMEL BIR MAAS VE
natjob.offer.5	HER YIL YENILENEN BIR SOZLESME SOZ VERIYORUZ
natjob.offer.6	CEVABINIZI BEKLIYORUZ
natjob.accepted.1	FUTBOL KOMITESI UYELERI
natjob.accepted.2	%a MILLI TAKIM GOREVINI KABUL
natjob.accepted.3	ETMENIZDEN COK MEMNUN
natjob.ended.1	FUTBOL KOMITESI UYELERI
natjob.ended.2	%a YILLIK SOZLESMENIZI
natjob.ended.3	YENILEMEME KARARI ALDI
# TOP SCORERS (career depth plan feature #5) + PLEASE WAIT
busy.title	LUTFEN BEKLEYIN
busy.new_career	DUNYA KURULUYOR
busy.next_season	YAZ OYNANIYOR
dash.scorers	GOL KRALLIGI
scorer.title	GOL KRALLIGI
scorer.view	LISTE
scorer.page	SAYFA
scorer.view_comp	TURNUVA
scorer.view_club	KULUBUM
scorer.view_history	SEZON SEZON
scorer.leading	TURNUVANIN GOL KRALLARI
scorer.goals	GOL
scorer.own_goals	KENDI KALESINE
scorer.ex_player	ESKI OYUNCU GOLLERI
scorer.career_total	KARIYER TOPLAMI
scorer.season	SEZON
scorer.season_top	SEZONUN GOL KRALI
scorer.season_top_plural	SEZONUN GOL KRALLARI
scorer.no_goals	BU SEZON HENUZ GOL YOK
scorer.no_seasons	HENUZ SEZON TAMAMLANMADI
# CAREER DASHBOARD SECTIONS (3-column layout)
dash.sec_match	MAC
dash.sec_team	TAKIM
dash.sec_club	KULUP
dash.sec_game	OYUN
nav.hint_cols	YUKARI/ASAGI SEC   SOL/SAG SUTUN   ATES TAMAM   ESC GERI
